Strain,number_loh,min_width,max_width,mean_width,median_width,percentage_loh,size_without_loh,sum_loh
SYN2_0000,0.11433311500660982,-0.03577062857473761,-0.7795979239454498,-2.2574740885490567,0.30867237268453984,-0.35957764319500907,-0.31117228515414147,0.4740860967832567
SYN2_0001,-0.850126987192225,-0.8884383354261132,-1.2947516003673827,-0.5102946450149841,-0.09061153718193815,-0.2970554057628291,0.48077697469276126,-0.3475464449754702
SYN2_0002,-1.3794025808685322,0.37307218983804763,-0.8250029631163684,-0.6641896200420379,-1.0580392044839346,-0.8785684585887721,-0.7579433586159389,-0.697961306045513
SYN2_0003,0.4547148772454121,2.551023275823012,-0.11299165117292485,-0.1638228322854282,-1.9463968046793074,-0.8112431394549197,-0.13112621913577496,0.02572209698776505
SYN2_0004,1.219710748261289,1.8947703639149949,1.8812024179941391,0.8533766914452416,0.7167490222302082,-0.1718500710667645,2.210545917945111,-0.44039789193381773
SYN2_0005,-0.30218189189473765,-1.3473296424975791,-0.5923541125412626,1.8174061728553326,1.1899717695533618,1.734873400737303,1.8516249138799796,-0.10507549392617127
SYN2_0006,0.33011114352868953,-1.5007151088672175,1.0432682700339546,-0.265984013869464,-1.0912235360594855,-1.6443467995669527,-1.9678826703056118,-1.7651707765445113
SYN2_0007,-0.2665259838039344,0.02232113978748703,-1.1759264419799595,-1.3895195411199275,-1.0060641805822772,-1.009027159738208,-1.1773128727295508,-0.4362671641640225
SYN2_0008,-1.2366558977249433,-1.2547755808357925,-2.6603247935528844,-1.0374740354784913,-0.8637136565877238,-0.19833776537585798,0.13057857336240317,-0.49479486435142794
SYN2_0009,-1.491005559557198,0.566573606976721,1.1694745164415126,0.9718153454194542,-0.33185819612501183,0.05545899872209771,-0.35206309244319467,-0.4950962710692315
SYN2_0010,0.8055616875501906,-0.2536106284075697,-1.4392533516378199,-1.453673745686994,-1.245617753871434,0.03781808390347661,-1.013874704572141,0.451842126103675
SYN2_0011,-0.13042015833199752,0.9225025771724349,-0.03322090830513972,0.17905459054024822,2.759883755686713,1.5696399522090871,1.8635624507302837,0.6202059704366806
SYN2_0012,0.15903414626732984,-0.21288807614251073,-1.6840399854099772,0.2682833494801578,0.00047468040020232695,1.3426154580657583,1.6308166918623552,-0.4001957682573302
SYN2_0013,-0.32525390624139866,-1.150557338074546,-1.3764559989888328,-0.9465554940357922,-0.5413096787707014,0.0965613863850256,-0.9085034393634315,-0.8377648841558568
SYN2_0014,-1.4201278476498136,0.5974287808283891,-0.4737666838958134,0.4831028302701584,1.0130358865417066,1.0820011034171062,2.12025292075063,-1.173698580295708
SYN2_0015,0.08370462710128934,0.20446704481926392,-0.07490411178774181,1.6664455927177766,0.7475870645756191,1.4453642775706235,0.04137385470948824,0.6627531507559973
SYN2_0016,1.0257861986484607,0.6850527943838022,2.3148223093520244,1.0607146499876916,1.3499806604724982,0.576560386817791,-0.8674134722843686,0.016913207353522808
SYN2_0017,-1.853925964328351,-1.3458774892887388,-0.43626631812044725,0.8018127058758826,-0.7711255801201657,-0.8683199784389036,-0.39898343870201797,-1.1728152344537361
SYN2_0018,2.308946566373937,0.45058793703995476,0.32824752497747434,2.1763356592631906,0.5815342326641932,1.1236991736432091,0.018314053957758012,0.09081113642840848
SYN2_0019,1.4718250215618867,1.5790571092496295,1.7961579130446579,1.5462272529038406,0.1757927777690128,0.04609655996719178,1.1181526805438358,0.10317501385683756
SYN2_0020,0.6650542673502163,-1.7558501407000908,-1.942948798881081,-0.6425612189006341,0.29145808180940913,-0.7169922816465815,-0.6067348845958723,-0.48992938487670684
SYN2_0021,-2.8424491621464787,-0.10867742169346213,-0.17565553221789024,-0.49268899703011815,0.6034206603424618,0.5862749945630327,-2.568276937938836,-2.506974529235095
SYN2_0022,0.7284265737670894,-0.12361875744996681,-1.902737219076785,-0.8357264593462199,-0.1081398281310935,0.2869008837339113,1.1804662554093717,0.034906350936717595
SYN2_0023,0.4141793995414019,0.43020719103341853,0.6608127698394635,0.876689980098486,1.6061727496494291,0.7054043389127054,1.0409045464974944,1.3651645632004825
SYN2_0024,0.20361100604476823,1.4808540891324637,1.1409051756174502,1.1755591824547802,1.0867236746955216,-0.24088224879353012,-0.9688590963832514,0.6169818964931655
SYN2_0025,0.869355495170707,-1.970313191372693,-0.7630347244751139,1.0364896889824955,-1.0904838629804954,-0.34635012128883214,-0.71504804159331,-0.7131031098076172
SYN2_0026,1.0626961300405224,-1.1877303749690196,-0.8986246641321302,-0.9061509544640017,-0.821148909231612,0.639798828342629,0.20642062472656283,0.8977959977619984
SYN2_0027,-0.39164712720826805,0.4227262679573876,0.9901369864319809,0.7470659174622709,0.6116793872731706,-0.08492412283514347,-0.03602431333225602,0.365090828010018
SYN2_0028,0.5408627749292336,0.49685750827647085,1.5564956534370382,0.30511078236271716,2.1337667309835404,0.580417208955733,-0.21735506876224936,0.9072547299291109
SYN2_0029,-0.03113519783534048,0.5767271001313709,-0.2496688782057683,1.970700808647535,1.3805542205375227,1.611709548778363,1.1973733846980723,-0.4749829513746093
SYN2_0030,-0.21965047530028686,-1.5839812028290499,0.4014690041703932,1.2034999245785198,-0.09605291220756099,0.05432587441834792,0.9450617535171993,0.8339771568660409
SYN2_0031,-0.46425999081327346,0.7844987985188719,0.9096963488037062,0.1741435291860823,0.8554137202081786,0.08293232888104245,-1.2923147135072746,-0.06810665084758001
SYN2_0032,-1.1169953444678709,1.0020960137203803,0.05360610289560148,0.825124557921617,2.630695218650057,0.8507977035603606,0.7511378941453947,-0.2691801032214392
SYN2_0033,1.6985061064736453,1.3157479610904497,1.1763580919760859,0.80757705339726,-1.2926266985352672,-1.2370993873558882,-0.41624249185107237,-0.07942890489963823
SYN2_0034,-0.1903185963963535,-0.5351366735307457,-0.06648924647191821,-0.3493408265922956,0.643442771841085,0.4298737986678,-0.23876917189158883,1.137483566506568
SYN2_0035,1.21696416886898,0.5432684129815138,1.9488426914734618,1.5730480969531864,-1.5082641923008573,0.3420758095613785,-0.8649841941373808,1.114878789478114
SYN2_0036,-0.24641995579187703,-1.920329541792351,0.3473351934864844,-0.47897315908880367,-0.5098824328534725,-1.0953051792978377,-0.4885635616138253,-1.3254510237278634
SYN2_0037,-0.9224944951511862,1.647046347591919,2.6392753200387835,0.36041081717591983,-0.3496760861697045,0.4927240392374955,0.6853016402916488,1.2979875922378876
SYN2_0038,-1.7984955708319268,-0.34234492542579315,-1.7894960742216353,0.7381903693323948,1.0870498592139197,0.5871082344641564,0.620382844516544,0.2908827437909925
SYN2_0039,-0.7504581792368921,-0.6533096117930328,-0.8023222036770412,1.2482399093461585,-0.23369043810378523,-0.3817631293319986,1.5483583296595067,0.8847144008979037
SYN2_0040,-0.08666347236995535,1.2061432557944374,0.7618530482306286,1.058091109652791,-0.5190137537229607,-0.12868394795145688,0.04207408822203363,2.3808794365074095
SYN2_0041,-1.8894834291092306,-1.638474369635146,-0.9689241562212999,0.8093135749260641,-0.5692548643439449,0.8250943034503898,1.0842529859653898,-1.3596447243274927
SYN2_0042,-0.4457279347609084,0.5872951550539153,1.5729736469672755,1.235922138503763,0.7187550228519957,0.5406381845287966,-1.472721808834898,0.10381502361481228
SYN2_0043,-2.1756961820267655,-0.3906282064941066,0.5772011685233014,-1.3218322471035813,0.30871266070481695,-0.045727134518643325,-1.248142477295444,0.24054345080271466
SYN2_0044,0.6834255307184963,-1.0914089864957464,-1.5245724780019436,1.07138343688377,-1.1168079414539638,-0.8087503532370928,-0.4741551882629738,-0.39923365403797906
SYN2_0045,1.561114117452045,0.35281063631404935,0.9873921824899025,-0.1786270595357554,-1.8544642804790354,-0.07894820179937925,-1.2098386031679558,1.3198056043797768
SYN2_0046,1.1573472829801918,1.3191969621234743,1.8511668626583067,0.4264316678442408,-0.575335127207872,-2.667693704941994,-0.18440899832727556,-2.7453372290887796
SYN2_0047,0.2948617083345448,-0.17775112951814567,-0.9862013966433267,-0.010653415558669034,-0.4682635666953613,-0.6695292055179473,0.4882595266320108,0.7862367469754382
SYN2_0048,-0.9717922685293571,-0.5549070153015997,-0.9365392478430242,-1.9886797203788649,-1.5104468478615012,1.251916615090357,1.6830810325167287,0.10734028677981997
SYN2_0049,0.47372295729340036,1.5176748510574354,0.8450222907731699,-0.794939945016208,-0.6787799712555158,-1.0432456048708432,-0.9240026953384027,-0.49284743091470296
SYN2_0050,-0.7755475352289009,-0.1965709129601874,-0.38080535179175157,-0.3556383140154988,0.17217688514297924,0.9330352311790249,1.0736650955127511,0.16687692983873556
SYN2_0051,0.47287127597480805,-1.520301882234401,-1.6349389170722204,-3.0035999690825284,-1.7274697727695227,-2.9678956387957975,-1.8194822415773597,-3.3057228017462976
SYN2_0052,-0.09664698865554752,1.1995783217414193,1.6175528383490285,2.2880636278445894,2.0349472249094007,-0.6463372123591655,0.659287406093855,-0.29903230612855025
SYN2_0053,0.6211795754845247,0.7587659707873066,1.3207116671616181,2.2917399193587666,1.7738174065155974,0.29155609841309427,-0.8718809968032329,-0.1843445332125392
SYN2_0054,0.655451056210891,0.5830672264409003,-0.9546814094166415,-0.16112721361622365,-0.13831412385071884,-1.4852770796363146,0.7271410107366568,0.1357278460097662
SYN2_0055,-0.08682916719312325,-0.48152012035701947,0.7781878664812274,0.016131024450710837,0.8806026389220902,1.4475398892036873,1.1954807088561736,-0.46998738019893826
SYN2_0056,0.7727959701794588,0.29172255848088446,1.78546610148917,1.3277328731795246,0.5496739837642638,0.863612070419142,0.2403738360354376,0.5899820564053169
SYN2_0057,0.7078626755439056,0.6188657329012669,0.07751263953796451,-0.043012864783704606,0.17570405835714423,-0.7152772844696533,-2.933796683479351,-1.5671428786097672
SYN2_0058,-0.8194431484133249,-2.4364236457263098,-2.5267080622824762,-1.3700645428326728,0.1559162980309274,-0.7697104499459569,0.5838769689617535,0.09162312862370171
SYN2_0059,1.5419062669911054,1.3974652000099979,0.39441695404108357,0.3140097638404348,-0.12737624483468366,-0.8786694826449655,-0.18051531536925386,-0.8906950919747043
SYN2_0060,-2.973548891267978,-1.8889983596554925,-0.0797387511033245,-0.6881906523277981,0.4212304013478409,-0.026064440716871164,-1.0198945841634566,-1.775530725732734
SYN2_0061,-0.012011932004952224,0.8307978922904916,-0.20990603448313844,2.2046872101450807,2.441978487056675,0.808373783554051,1.0294042199409543,0.35838443214720367
SYN2_0062,0.22505593193803616,0.7179884609271342,2.2018895845645448,0.9749911018412467,1.7921679030875652,0.37738321999746893,0.59305898059099,1.7452301621189839
SYN2_0063,0.2024076740535309,0.5183859846226144,0.6545248425881514,-1.9816189836350846,-0.2963128857693469,1.2030498935345775,0.7769110145261323,-0.5054995551366834
SYN2_0064,-1.8310108441141308,-2.448185546394672,-2.046243277225058,-1.6527493570043104,0.4397260369735218,-1.6471121790140404,-1.3325408198756623,-1.2254359136529354
SYN2_0065,-0.8235820961659358,-0.8704963636642955,0.4200674069292746,-0.5709873746531109,-0.6776861139015664,0.06759428661091567,1.212450010103838,0.3754227380839059
SYN2_0066,-2.3307879372218636,-1.5023562468941463,-2.131005097838189,0.3760975509262812,0.6791510215440996,-0.42813079150029304,-0.7627484580780465,-0.3793690957061749
SYN2_0067,0.12900753575710786,1.3508681322206506,1.6845347860537183,0.949524679065945,0.5937688168422158,0.6542755399477512,-0.7155636298467278,1.0627870367339938
SYN2_0068,-0.049778489957798495,-0.05855982137524241,0.5128538668236235,0.042544140718172786,-1.0698846881487514,0.2583719844335016,1.1842547187295243,0.6059669121861669
SYN2_0069,-0.044750813073418334,-0.13037653709379046,-0.8427775370259136,-0.23581204875295453,0.5396060159325485,1.0306807015670139,1.0499921318657743,-0.060827849405505556
SYN2_0070,-0.3850316915292206,1.1876830206646765,1.2574024071031729,-1.2224319963119916,-0.4862545764199659,-1.4862437850328283,0.26955223097460523,-0.9188857096912991
SYN2_0071,1.3142739234768048,-0.2580146334710612,0.4337272991366946,-0.5360567900110731,1.1618603329864983,-0.007970223321845826,1.6694123122854108,0.21719615591700767
SYN2_0072,0.3438771298852577,-1.4415911518238387,-0.8909727021488414,-0.737883606111216,1.4516628187663099,1.0033503263518013,0.5964316926070647,2.007807218514988
SYN2_0073,-0.7048899906643737,-1.7282451007443458,-0.8534318967183416,-0.5779021799609814,0.2126039659192625,-2.023815685294193,0.25516951386910436,-1.7066011047961658
SYN2_0074,-0.2934911641136493,-0.014122745563373031,1.8989195297389272,-0.39508560307290197,0.7324443921739355,1.3928060072565656,0.42141092315537787,1.6062209067333246
SYN2_0075,-0.5014666760689199,-0.821707667929315,1.5867906631911384,0.14790216947420398,1.3473785103756857,2.557167024639549,0.11246957512601326,-0.001931786650154576
SYN2_0076,-1.43944172822957,0.30245977011761604,0.7498895660730331,0.2991250545515163,0.2491929479774185,1.2562886167998648,0.018558327228170354,0.06523423514154233
SYN2_0077,-0.3656989119974533,-1.5460142184827341,-1.176780336212046,-2.242374063125491,0.6812121346490344,0.7865765228169951,-0.11789777909974186,0.3234323521274041
SYN2_0078,-0.6221160641333252,-1.4124119900712897,-0.8279531811923803,-0.5597059848220618,-1.6388632202370497,-0.5534731023773881,0.6292288986545789,0.19386056956418374
SYN2_0079,-0.7054591612463006,-0.35505685341549703,0.3032826636339808,-0.31137233428928685,0.1454944096872492,-0.2765323502779095,-0.9298173621543446,0.6464939375085109
SYN2_0080,-0.2453539537384608,0.28785113084105884,0.8071804564399486,-0.43063976135393245,0.08767129093903703,0.574556957313235,0.11013134149729528,1.3620144229399134
SYN2_0081,-0.9188871630317903,-0.5672765278833749,-1.1668044202822383,-0.5941566341320274,0.41831054014261426,-0.3269373301317787,-0.33226933312688417,-0.2520005353596771
SYN2_0082,0.8163098627294535,-0.20040658987057186,0.98596788797527,0.8930588240601341,-1.5681029724446898,-0.6948451648888792,0.9852403202533485,0.2595578593644724
SYN2_0083,2.1781487540227866,0.011535111328074736,0.3780603092664873,0.9845067643257939,0.8890489142176858,2.7581087659753303,-0.3627687883142732,0.4525965995598398
SYN2_0084,2.016856734916436,2.0977927258774236,-0.25465570111339886,0.16171673860279043,-0.6866049651932387,-0.17213064134941053,1.8903024673978608,0.6857978094485946
SYN2_0085,1.5007907876439157,-0.19173013061244495,0.22116827314949644,-0.0397237741705484,0.49311277421155003,-1.4063362421159311,-0.25539030240266203,-1.2007675922766783
SYN2_0086,1.763815734645332,0.18403255648808958,-1.8307163207694972,0.30762447846722857,-1.1696695937202397,-0.24599596606585283,-0.08062345900104567,-0.8311295002629029
SYN2_0087,0.617700966817486,2.6931334106531906,-0.024148838361793178,0.5190039942054054,2.390723483477195,2.102554970564392,-0.5557136862841381,-0.24043634711989198
SYN2_0088,-0.7458816517348384,0.38702316927782304,0.6453192387450184,0.08432893696267897,-0.01731131840902043,0.24669614957569813,-0.42934054015390755,1.8449270821489678
SYN2_0089,-0.07744865363748546,-0.09797998402920706,-0.1458448047522911,-0.5357931888790312,-0.2323754848063811,-1.148942304172442,2.016786057952119,-1.6093317513003584
SYN2_0090,-0.17396479038600066,-0.9667115202207883,-1.1826457623308364,0.33943960288020436,0.38617501777956087,-0.4005140926571191,-0.891734021368275,0.27651875450295466
SYN2_0091,-0.5023198444106693,0.9421975402736896,0.8006751915387074,0.5453561821578539,-0.40985457170923656,-0.8200415655333178,-2.1264702113836256,-0.99840613277769
SYN2_0092,-0.2642937135914378,-1.1558700121307062,0.5783619485574378,-0.7689837032994326,-2.350301694308013,-0.8978546898416465,0.6926264135574475,0.6134954484925198
SYN2_0093,-0.4794631245184909,-0.2715225379511279,1.0196234344133004,-0.40738151604632417,-0.40368997015429503,0.43762114098913385,1.9822508200705653,0.36840358886737884
SYN2_0094,2.0800261817600716,2.277244126345565,1.3048190013880825,1.0225852538029223,-0.014085540378167255,0.89769847654688,0.4543920439772354,0.47838450236662594
SYN2_0095,-1.242308037426667,1.1754258506604485,0.6597151615934237,-1.0782502497146806,-0.03890181306334561,-1.371219047273233,-1.1069382713198697,-1.6900811277783554
SYN2_0096,0.12528624386671672,0.4229059025876205,-0.05794659196415682,0.5993637136960953,2.367026351578561,2.902195557195469,-0.380753301016068,0.07791358867080785
SYN2_0097,0.21019631260717872,1.6678629181604485,1.5875112890017828,0.6472340954084397,-0.6941143723989228,0.09454706415836019,-0.3928749984473056,-0.7665517568659266
SYN2_0098,-0.8236565224647246,0.12157470932503206,1.400726432673609,0.7118274069158458,-0.16605711129468545,0.2998579522239312,0.492101968562947,-0.11352638351123236
SYN2_0099,-0.15192189966535466,-1.0102596679126814,-0.6405023923074504,-1.491446408314276,-1.1968224016577258,-1.0177010963654434,0.28349748683743176,-0.06912019578652567
SYN2_0100,-0.40841603845252655,-0.8555763062669902,-0.08684530795124407,1.1600109862495018,2.302103128564187,0.590026764498879,0.3849655148993614,-0.3987870057384205
SYN2_0101,-0.90325101171361,0.012773296486583407,1.5486813101512689,0.504955972765556,-1.042790910200477,1.3815115714774406,0.8450093190857092,-0.7414094535676689
SYN2_0102,0.04924312736045307,-1.2322764635111114,0.1911153147418378,1.1021224365402866,0.05475683746730412,0.29418043951428574,-0.3358140084066355,1.9355045237991209
SYN2_0103,0.42846230121689866,-0.8382649427233231,-1.4474540464601469,1.2311525129269298,0.017863187502792033,0.07151293137594074,0.8174683120656647,0.7342360103925336
SYN2_0104,0.21527995041498701,-0.1692712102420049,-0.7954779137054595,-3.0785040880665124,-1.876547945433141,-0.07098386107202992,-0.8806149047455689,0.037010477263888404
SYN2_0105,-2.140999181247742,-0.7971539784247191,-1.708332426198468,0.11513145435542332,-1.603321269832873,0.4323802283403177,0.17584719256449252,-0.027102238201492823
SYN2_0106,1.1035390800985923,-0.37851971897998876,0.3919705140694081,-0.8375696687737169,-0.2821439020485771,0.1891187100463899,0.8258708850076023,1.1184134523332028
SYN2_0107,0.9123412735452667,1.3873193857905288,-0.3668803071698046,1.508348315889119,1.5742766791379583,1.1645851160755893,0.9503329422938767,-0.08254839448633967
SYN2_0108,-0.6184208270471679,-0.45531629924137956,0.7953437515001293,1.986582616578849,1.1426937150989556,1.9387897610763964,0.08461213698533646,0.7244190628820629
SYN2_0109,1.2324281608940983,-0.7147776301035927,-0.7932626036963958,-1.2126807526765713,-0.8892566894168319,0.07345456215054101,-1.1163006773460693,0.4457843401132636
SYN2_0110,-2.536443939978055,-1.5039641056176596,0.01223707866619268,-0.8317105745356256,-0.6118625143936676,0.7797790626168707,0.47802095641656417,0.5201594293035762
SYN2_0111,0.8298296778945211,-0.2217042173100798,-0.3404271358170965,-0.3796084494021979,-0.4060465439265847,-0.10252405351463299,0.8120169618124394,0.41724287101008983
SYN2_0112,0.7519465333444049,-2.08573176253748,0.48112738446802467,0.6991998443014922,-0.9172219487489341,-0.9507184998949157,0.10274657033550597,0.2890112606905734
SYN2_0113,-0.7653475275259027,-2.1121003072064664,-1.9953685365400282,-1.2507133486442412,-1.0003008063224728,-0.23274681016076051,0.2587229539122916,0.2906125519537913
SYN2_0114,1.2372901602594,1.6592309421843614,-0.00020891882511912753,0.9078337924962717,0.8985678809848702,0.014198066383830536,-0.48402800497397563,-0.2045649905994884
SYN2_0115,-0.031699214667768844,0.984872022345988,0.1385173501020909,-0.7813621178917205,-0.9326589626385191,-0.11806400503769232,-0.4857426770242564,0.5972506409890121
SYN2_0116,1.1348902100275824,0.9624708774912593,1.008508073451674,-0.6832341237165531,-0.38205989296670867,0.7057875060737687,-0.2503053362508416,0.17655652309945402
SYN2_0117,0.3432581608311243,0.7413304681541985,0.010698587919371397,-0.5641546696518878,-0.04289216772105529,0.12289433325958947,-0.6258296539420769,0.31703307418887533
SYN2_0118,-0.3641554714090577,0.008889428975405131,-0.9227992385788242,-1.438614791027246,-1.8819508715010764,-1.1480253638738442,-0.9857052499530818,-0.5028987168617853
SYN2_0119,0.20086201535758036,-1.3357080067410998,-1.2186614507449822,-1.017893793667962,1.048565361333604,0.12021770418032585,0.19449135659666056,0.37778429311047346
SYN2_0120,0.20894885803614593,0.4917958622401927,-1.0509102507985282,-0.8912394088745375,-1.2356264378210084,-0.6117914950280069,-2.4642235559501167,-0.4963266082657795
SYN2_0121,1.1644343743057168,-0.92596317505085,-0.021974864424868592,1.4985033289775982,0.9136260329790511,-0.6795144709700666,-0.1669476616947699,0.2875861613494552
SYN2_0122,-0.9221962894752829,-1.057641492385167,1.1004613780121337,-1.7019037752698878,0.4828609727763601,-1.8171481968894185,-1.2853931311379603,-1.7493930171654508
SYN2_0123,0.5069299687296044,-0.23521761049968645,-0.330163900173482,0.020383602948761858,2.306900941309854,2.745738311367496,0.7023564080849454,-0.3807802201075614
SYN2_0124,-1.090003226906646,-0.546526130832683,-1.2202647062535663,-0.9031292673467076,-0.33062162703906567,0.6301022766066242,0.6788378416221061,-0.2744390820395704
SYN2_0125,0.996004310417434,1.7434525544641812,0.7482744885812646,2.2057786637132177,0.9004056387292958,-0.38695399680743975,0.03404731429492711,0.849065824692769
SYN2_0126,-1.0569649960638172,-1.110041952616008,-0.3487932685518724,-2.1747812203202277,0.8426616813785054,-0.48742916792921576,-1.0482009334958962,-1.650221744662893
SYN2_0127,-1.844964333311168,-0.6529109046882305,-1.135699902944358,0.019137686628405676,-0.40949171310991384,-0.4932818851805494,-1.0919099409175492,-2.803135989059398
SYN2_0128,-1.470910931850898,-1.043730536652485,-0.6837882694964686,-0.9906467935887124,-0.622926106744457,0.9159396613203837,2.031525448814237,-0.6879205702727236
SYN2_0129,-0.12742458990173122,0.468329725782216,0.09999850064678636,0.6764391039367735,0.2287044365583283,-0.7386313586466259,-2.0114379740633814,-1.4944298018964968
SYN2_0130,0.6906412591276037,1.7131785074438948,0.11481028566925308,-0.22095124651306935,-0.9163515632730842,-0.22049899101022505,0.4930667868117743,0.3956510502662807
SYN2_0131,-1.1443705049439399,-1.1938781072830795,0.3380247357590624,1.972503910793261,0.26453721246560125,2.489845880332633,1.371045853120402,-2.160140186870443
SYN2_0132,-0.12663527679994857,-2.375305411762583,-0.3112870680984849,-0.4244231477678175,-0.5073538830174986,0.6140803334588333,-0.01663777953064395,1.1923194676465247
SYN2_0133,-1.120794528327721,0.5772087965633376,1.1603965836174763,0.16799152722420196,-0.3586404802959608,1.973115686528325,1.4857690757814883,-0.8723174724821504
SYN2_0134,0.5370403104812203,-0.16903784308871533,0.3789213127603012,1.6888684655590869,0.21260140607187566,1.358820398409861,0.9489757995816703,-0.07339608208860512
SYN2_0135,-1.511105809314494,-0.40645202040658096,0.32920835537433774,0.00026271745206501887,-0.5344452656532241,0.4748056601133334,0.3491337023091168,-0.6854469706546453
SYN2_0136,-1.0989398146027203,-0.27446561251809504,0.5960470795924632,-2.0205697765190154,-0.71287602612534,-0.556286071991189,-1.4827995377482164,-1.247008945722326
SYN2_0137,-1.3635972169710815,-2.6161472379635886,-1.753638053146107,-0.5352057761927255,-0.7020959136422528,0.4150927253108831,-2.282112318940168,-1.57578100971702
SYN2_0138,1.146772002640808,0.38885287304253036,-0.6509014902640906,-0.5111125122867018,-0.10377626938014496,0.239708010270768,-0.7752998421483287,0.05504491619082025
SYN2_0139,0.5814797274018052,-0.5158526746571536,0.41416274520845525,-0.49425394589462085,-0.26520844101939556,0.14595044783985386,0.686280253692783,0.9771568794202252
SYN2_0140,0.34766512558069257,0.18725276677395922,-1.3678037757034156,0.8617619696038606,-0.6010273986635841,-1.0271428198079537,-0.20901831647712923,1.3053355077627273
SYN2_0141,-0.05464539112215764,0.20073428915329897,0.7333560725544536,0.6980890944224935,-1.160536757748173,0.13723966451731318,-1.182759829024325,0.12291477369326925
SYN2_0142,1.6858285476606343,-0.6165634841534535,-1.5051048936384848,-0.20191985055928047,-0.42969475972550253,0.8037204845825282,-0.08027866809346475,-0.1455760389980649
SYN2_0143,1.252395580525739,-0.5351260792045832,0.45791275541749354,-0.06715333438343453,0.16173964160982135,0.7526987255282683,-0.030185285922553123,0.48647454645681654
SYN2_0144,1.9975628750337733,3.339015672150592,0.21067378006011883,-0.9993351421630426,-0.6494497829003897,-0.3808075739442694,-0.5889209333632162,1.0235672685267125
SYN2_0145,-0.44676943442031564,0.3860581268480696,1.1563668493444552,2.15517344946539,1.6328475786005885,1.2505924515318085,0.8119705074504254,-0.9337812805359343
SYN2_0146,0.856420136303824,-0.556091416409978,-0.6624930026592565,0.7069762426014435,1.1838703365560812,1.0284332012738042,1.1908678743924521,0.2807667990330506
SYN2_0147,1.2690134774927044,0.08700207181831668,0.38352752206958457,-1.0940050519265252,-0.5960454705860009,-1.0304467353081597,-0.47718341841645445,-1.2955714030432615
SYN2_0148,-0.4703522836625604,-1.7128867911671501,-1.0580054030340251,-0.5948929160410426,-1.4967367642556257,0.9443774627350101,1.999716589404952,1.2494034499676099
SYN2_0149,-0.4013969268746383,-0.21589464514499326,0.10885908919606854,-0.3859716642309163,0.015190544051214176,-1.838626828111825,-1.4190704106179157,-0.5951827360308898
SYN2_0150,1.4052865363236893,1.3177628358226434,0.9320135876300526,1.8115043793803478,0.3210836113700688,0.8441605633798215,1.313096988672001,0.3153727844130944
SYN2_0151,-0.17586488792716987,-0.642624247715904,-1.4116360846360139,0.3816049245858321,0.08402961905352778,0.6825858503198018,-0.9573484612690395,1.5352070624859542
SYN2_0152,1.7937652622136606,0.35918766426310306,1.8783535180984456,-0.2682247398310082,-0.5368967438514355,-0.8330220879183211,-1.3937294822282171,-0.8791680407628758
SYN2_0153,1.2630824485772894,2.078440359591653,1.8133327508254131,0.8034162075033761,0.5911025298191822,0.14639468317436005,1.4447293234574359,1.235468975161224
SYN2_0154,0.8479885541011868,0.807257475345097,-0.31556536175883393,-1.1617922466718797,-0.6425781183802093,-1.5632542825128488,-0.40799443125820034,0.6703910605664903
SYN2_0155,-0.3201033798229843,0.11818810541567704,1.0923238813486047,0.6757262128989893,-0.10849215232520758,-1.5623117409216405,0.5987774909459972,-1.0961280852394248
SYN2_0156,0.709567460869285,1.4433263660712234,0.3346680811425432,-0.6600579775823031,-0.12370383487427085,0.45745537830038163,0.45472694612957276,0.29592840290636974
SYN2_0157,0.40970735449358553,-0.6680136934202983,-0.9506435339394385,-0.11864917917340125,0.2758239631784002,1.4356829280018653,2.231744577658748,0.791004550188596
SYN2_0158,-0.05785734787794461,1.182470793625375,-1.1299871415534388,-1.5573263488071931,-0.24551449968623462,0.20153042432489604,-0.20061269931388986,0.528965278989986
SYN2_0159,-1.0174072552075915,0.6727502625778312,-1.4099711068734158,0.28871315633294414,0.2676514756053464,-1.7447418711436884,-1.270155355758433,-2.562497068271793
SYN2_0160,1.8137059650740288,-0.5797530855837951,-1.0774199647074305,0.01190440545592664,-0.5717467989353887,-0.23660931601691268,1.886593712160743e-05,1.0149777004108342
SYN2_0161,-0.9512825840568434,-0.1251717277076094,-1.0016798557392148,-1.103338951339287,0.4394640762151371,-0.845215614495048,0.6202936863872304,0.2978440818315625
SYN2_0162,-0.9343888673464203,-1.6642963179383328,-0.7025205613099573,-1.1246686939765838,-1.2874584334921528,0.06190637766496547,-0.8299445788974229,0.33005141769635044
SYN2_0163,-0.8947232340075806,-0.391865630858223,0.353850978303521,-0.45888113826669386,-0.4556300349563648,-0.015789106158636188,0.15937393342241832,0.005749077466476182
SYN2_0164,0.4610339200216443,0.0941010962094605,0.06264229448563874,-0.9431538820531084,0.5181385673274393,0.6502986146102583,-0.043315662431453406,0.41657787911090577
SYN2_0165,-1.2496553876261045,-0.8995014716112832,0.35480777167636685,-0.9172989848447886,0.4142314666762682,-0.5174176949356025,0.31736448942089895,-0.6975586369532382
SYN2_0166,-0.7218048978072097,-0.5537063859268614,-0.4717627294048027,-0.658077764246807,1.877608739832826,-0.4281235296696,1.0427738094518018,-0.5508942655977184
SYN2_0167,-1.838254587985667,0.5829654919043495,0.05741695018619962,0.46966161552139646,0.21386084574148936,0.4888003406836558,-0.8669102038966536,0.24879429829011468
SYN2_0168,-1.7642741687487409,1.0867138188756698,-0.4397289311034953,-0.28168567915250975,-0.8611219843243235,0.6457165041773617,0.45460108513984443,-0.2766087915507771
SYN2_0169,-0.46602361812792076,0.6321913303406436,0.6839222398401804,-1.4567545717162496,-0.9102925765302924,-1.6597048890184554,-0.9650656997932352,-1.0606106420322285
SYN2_0170,0.08327718041297393,0.31814433382620577,0.21908365191973922,0.4672110109590909,2.1944866849278353,1.8359806649489092,1.0301484420341824,0.9337962696869725
SYN2_0171,1.4690438193455833,1.2030863463403505,1.353416539687731,-0.4107714008507104,-0.9548409611923357,0.7014802269253492,-0.01896963640851715,0.23566469580472954
SYN2_0172,-0.8299860539279343,1.736015547402412,0.6800898280528364,0.4964169764189485,-0.8471815836294095,-1.3927142186458936,-0.018416561838873323,-0.17008340137792927
SYN2_0173,-1.1765052633246678,-1.3042712884880587,0.9946724846312769,1.9874321195042859,0.3123774518425609,0.2272717430468564,-0.5217601891738032,1.0885760916860454
SYN2_0174,0.7913869571413928,0.12688406338640731,-1.2102463891358244,-1.5565782337061251,-0.5338091691157252,0.6991291344463829,0.4351533065035393,1.6601888609519353
SYN2_0175,-2.086845664980476,-0.2733267922486951,-0.3054884425306222,-0.94038820878568,-0.2651604550786759,-1.0187808051856826,0.6946569940716159,-2.303710699373627
SYN2_0176,1.3235515889619835,0.5694913892050367,0.8184425738957246,0.043394827698146544,0.588635909477269,-0.18411573154016034,1.452598128507297,1.491975304662587
SYN2_0177,0.9304037986666971,-0.1952654317867764,-1.1759636793806887,-0.6376628554986193,-0.5058572327955874,-0.8226075905943081,0.7066319807825611,-0.24145627152313848
SYN2_0178,1.6059584972640781,-0.45809475866506955,0.564745116497465,-1.1831426423580411,-1.189786047798398,0.10929249574353767,0.12707043554478167,0.031281746141721654
SYN2_0179,-0.6489478727858159,0.39188846141229505,0.4299098392617699,-1.11945838158295,-0.15489246246759433,0.6760432960037953,0.40316568890676335,0.17732756411912942
SYN2_0180,0.8541036518854561,-0.7498570965038125,-0.06528434957155047,0.8231946338830183,1.1417486254966631,0.48913919149965335,0.8954886600737041,1.298389502293334
SYN2_0181,-2.0316691351157288,-1.5668578680338952,-0.3269962343780981,-0.6620007465856704,-1.0788136319136596,0.44733297174613196,0.4906372300630174,-0.6370392606332602
SYN2_0182,-0.2989844664174716,-1.8790934369791161,0.22176537929549633,1.004017510223306,0.07845471405553306,0.404029621442011,-0.45877067596234344,0.8149623260946423
SYN2_0183,-0.42249648813263435,0.8431210782486133,0.5021226527727004,0.27474229455207394,-1.00739162245904,-0.8405507449306029,-2.8198322963848086,-0.9192952095842176
SYN2_0184,0.9351750209432442,0.13237207244643912,0.48370973120777483,-0.2163145053616691,0.4540727088255734,0.14017102386821628,0.294666788513315,1.2976625349980355
SYN2_0185,1.4740489834577808,0.05946126843431255,0.2317018968566986,1.0548225379242335,1.6767903917978924,-0.09876979591990488,-0.23657237967005743,-0.04602030203191688
SYN2_0186,0.8396929479498748,-0.6819035848288082,0.5890216746652818,-0.22442705197519724,0.6155919168057367,0.33703075976648034,1.0196947837110901,0.8313420903534389
SYN2_0187,-0.4971740289724922,-0.3744614868577186,-1.5456552619350756,-0.27757071683567613,-1.4131611926260041,-0.9012256193895472,-0.08620787896231077,0.15621363757974036
SYN2_0188,-0.7188451209631374,-0.9189530314064327,-0.5899460419597032,-0.19337681293041478,-0.70177912188633,1.1720944552067731,0.8593030587943111,1.7718203416078702
SYN2_0189,0.7529179294037213,1.08216414723206,-0.7062999153418348,-1.2703142792299085,-1.0289360544380581,0.8610458682836475,0.3925790097559476,0.5635357756338045
SYN2_0190,0.8871470099894071,-0.8364995516710377,-0.2923281206655193,0.3214814637763794,-0.6609864599440954,-0.5492411172890193,-0.4348419645408007,-0.3212082268859516
SYN2_0191,0.1679726183431056,0.7286031580848367,0.6105257517148591,-0.014834378791559804,1.5944804853209875,1.274582596253685,0.20121435839411309,-0.7672354752856283
SYN2_0192,1.8248186895682845,0.05380006849408426,0.2114213216739957,-0.9264406647042189,-2.8832451014889764,-0.5460641831251769,-1.1800101589869059,-1.2068921677786146
SYN2_0193,-0.9293092449228411,-1.2090065074976786,-0.8513388804327546,0.07224881185280345,0.5467066417519046,-1.2328930666388758,-1.4946949810860848,-2.0790316188058933
SYN2_0194,1.6374217769956476,1.0580725483288713,1.0458044792588088,0.515062978684167,0.9332996580458758,-1.373203916443329,-0.2945944556892489,-0.8399504823463231
SYN2_0195,-0.08919093000380329,-0.7820316068924852,-1.3444012526569193,-0.9668463686448124,0.579383697055087,0.8941325298889962,1.4227357244792846,0.6447090508069322
SYN2_0196,0.7105359315216959,-0.08696304097298166,0.13643343330610938,-0.8802847993928938,0.5474955784012333,1.2241981353766465,0.1062555922897671,1.2788236178102226
SYN2_0197,-2.2423974500959325,-2.971947191536802,-0.8286185038837411,-0.690061473573044,0.1419035509459783,-2.3387012103166365,-0.6475014756350529,-3.800163255647364
SYN2_0198,-2.1802408720065234,-0.0818445587179944,-0.03615581749312208,-0.021417382107715738,-1.1110012832075642,-0.15037923099821357,-1.0142648725060264,-1.784634835606589
SYN2_0199,0.4544636613698985,-0.18302363244162487,-0.5913321627839594,-0.09564559807015159,0.02263226470284768,-1.586266818346329,-2.8513788687616564,-3.1986646949327775
SYN2_0200,-0.1701888391450265,1.3897914102333724,0.42154493377702995,0.04279062830127303,-0.04521138655892101,-1.3930100211722027,-0.58806599127536,-0.5165642869499761
SYN2_0201,0.5202729619485308,-0.5033622094682535,-1.96520664927398,-0.15871469602341765,-0.7667250949931839,-1.1603906713021885,0.13161753866669587,-0.001319680438360093
SYN2_0202,-0.05275923056843487,0.3018368309152126,1.0129666482847737,-0.32972053856591377,1.2055440764262306,0.9665854683387127,1.5276257798315551,0.6986124562285064
SYN2_0203,0.8013362642280016,-0.9586141920588311,-0.4216540681222506,-0.2953603557910426,0.8564379851320139,-1.457804076643217,-0.7465692762840838,-0.6981843742078365
SYN2_0204,1.22084592078883,0.8087098209169934,1.008100639337658,0.5794745808707185,-0.2885506098762889,0.2782360292345589,0.15128209144382504,0.5618700900154211
SYN2_0205,-0.6600295121420329,-0.3192784413602556,-1.6583228836719088,0.7266032115332182,1.6174918491901118,-0.18359731947807198,1.20339259874944,0.9509407966370821
SYN2_0206,1.0040615040675365,2.7718126845562017,3.1678029928634737,-0.24182426316171593,0.2699080867887504,-0.1704041081791346,-1.7760780674850802,0.30635443687658087
SYN2_0207,1.1144495977318853,1.1835733684680143,-0.027857920115124033,-0.2747524864949935,-0.33778769666944203,1.0843375588044897,-0.09920927012269183,1.6770442731068997
SYN2_0208,0.5106871134825313,0.16253252245208966,-1.2124287580761035,-1.7423793927686364,-0.18248627095227257,-1.223179273134527,-1.354912927326803,-0.5222972606469013
SYN2_0209,-1.0373990343404853,0.8754206274611837,0.5466624631642941,-0.3525627108934706,-0.8706519890850349,1.8282831340196621,-0.6377644941534572,-0.24856906604157464
SYN2_0210,0.48171287263352425,0.42534565137735486,1.2471380629481787,-0.8470437643517503,0.4498044449402174,-1.0747334605040362,-2.22357438692835,-2.65321144503178
SYN2_0211,0.9793181769243632,-0.6513714754261322,0.46134985612446944,-0.06923787309332555,-1.2584033664466472,-2.140815390603572,0.04270877481403963,-1.2068383987552453
SYN2_0212,-1.2667925969787752,-0.8358889294937325,1.2903159813244336,0.643104596504629,-0.10324070651490483,-0.37430053387161716,1.9939752445003438,-0.768109692203361
SYN2_0213,0.1084688839606067,-0.2540304108861255,-0.6675736766589186,-0.5589472107926888,-0.2478335139102008,-0.6030998252702876,-1.348579562920895,-0.4111493086974215
SYN2_0214,0.8068132665672573,1.1281083540003316,0.08169128864532288,0.7304084270209473,-0.051329822697580275,0.11589176724595614,-1.2714897155483231,-0.2656899953401176
SYN2_0215,1.0739795561423318,1.6294202540879423,1.8657087220819377,1.1698462163213876,1.8795655511070783,0.15213888721610833,0.44533037662653063,0.9110183275901881
SYN2_0216,1.3899133064203022,3.0531246234201848,1.073686302046662,0.2800771969665952,1.329927198433593,0.14641645441686463,0.1402582226060002,1.199437814565448
SYN2_0217,-0.6515536487957595,-0.3981584746025383,-0.04708874068075185,-0.9184657122526754,-0.9435320878430529,0.4077866917985201,0.20618551998696924,0.4417894479337733
SYN2_0218,-1.6136841391885366,-0.3817521534590772,-0.6599909278962323,-0.06197086925921126,-0.13049438266536204,-0.49070139750757297,-0.4740255355361212,-0.7543071710888128
SYN2_0219,-0.6579282662766681,-1.356217086977977,-0.5440385974810072,0.4219851185728777,1.3540304419310127,0.8645190907802538,0.1879258553856802,1.2716304759746344
SYN2_0220,-1.1654638183745474,0.21165642834244988,1.649841976379548,-0.17258689184246698,0.4439828080458805,1.5373838347801632,-0.6191962069063163,-1.0609740209419116
SYN2_0221,0.6993967610304631,1.231639293660122,1.0756724506140338,1.3367450097560398,1.166776436520869,-0.186262389435918,-0.5718793438837055,0.5675381447229778
SYN2_0222,1.0074401704760494,0.39574022647714335,0.6389281591323089,-0.48596757730262424,-0.935732337375728,-1.1097982149257206,-1.613883361417902,1.4111346280142103
SYN2_0223,-0.23325018512106044,1.3859608169622004,0.39153729184378144,-0.438962604340012,0.2657495446331332,0.3984687043616839,1.1171035193329197,0.8329470662781993
SYN2_0224,0.6780539079915983,0.2099235148882055,0.14361558251284284,0.5389066120109779,-0.5990736165559001,-0.025302632524233655,-0.5905661078104959,0.527246149682853
SYN2_0225,0.21397920728524755,0.8181398924865638,0.10813527028383738,-0.6677565727231014,-1.4617126267396778,-0.5951020090317,1.128002135216829,-0.7384613383892628
SYN2_0226,-0.22977756886176598,0.9754018101194535,0.9875495123520451,-0.2030923691535117,0.1873520802198492,-1.4514184849286387,-1.741605521694521,-0.5853240896209123
SYN2_0227,0.5202516191614299,1.1420459989598841,1.783713954730073,2.0583532958118425,-0.18266885451802364,0.25316722805717634,0.11970504627034731,-0.39361372585332105
SYN2_0228,-1.7714668740737014,-0.8147048929522809,0.7412233410642367,0.08734520726557568,-0.8244093829404788,-1.5829695796262455,0.7236895507679675,-1.885783031391171
SYN2_0229,-1.1208751184046102,0.5698369561597284,-1.7235598499542086,0.32227049628782267,-0.11453787535893742,1.0517271665461445,1.0517036823506491,-1.287609427829078
SYN2_0230,1.7791833656479288,-0.9825489173226423,-0.285346300280215,-0.5291847762673718,0.27699044709707626,0.2137900978837964,0.2938853673971455,0.5156281218823396
SYN2_0231,0.7209938986562346,0.10369131477483085,0.7280593739230419,-0.35428159980694807,-0.12995570487114647,-0.8530109978326835,-0.6140320745064892,0.18270552343993557
SYN2_0232,-0.442354215901764,-0.3542748246951223,-0.7664481719048097,-1.161582460223527,-1.0178588308297403,-1.2586410379417337,-0.06442274774223834,-0.29934263981504655
SYN2_0233,-0.200944742700244,-1.7804101714326528,1.4556177640156398,0.9462931516286506,0.8632224027868913,-1.2306385546231013,-1.0061001378979195,0.11207135350810467
SYN2_0234,-1.1988511929074128,-0.1616662963675498,-0.03642016635337051,0.3893176867016214,2.2191745664330873,2.20866445427713,0.5115522517547206,-0.5125655605534895
SYN2_0235,-0.567232157810162,1.7254621928434175,-0.4507558086114673,1.4397208263501071,1.3213874032672597,1.2716878335125272,0.22303561817186687,0.24818655576808896
SYN2_0236,0.24709211664718636,0.27905973863295164,0.37715933526606354,-1.5026560033445029,-0.893046247676451,-0.47982996814154455,-0.0872731688999681,0.17615768356750747
SYN2_0237,-1.22529381253139,-1.3607349480429296,-1.0765721789025258,-0.38862120894823254,-0.2440016927694649,-0.5788067263246062,-1.806582230970764,-0.6518680678405178
SYN2_0238,-0.27349981428270076,0.2581773385173529,0.25705330806603754,0.13464155705492498,0.7397694838885648,-0.24616558498722926,-1.3287528654272418,-0.24597977803952698
SYN2_0239,0.28239757572631463,3.8435279339963344,1.8184533558617144,0.24897633386939005,-1.0155702883590747,-1.637388347810201,-1.0519785048095487,-1.7222608109839341
SYN2_0240,0.2984339250952757,-0.3945695004067114,0.40951266757749427,0.804144378225792,0.3797672864200244,-0.5160028899289862,-2.0852986657427626,-1.0520106856746818
SYN2_0241,-2.117378615591013,1.0750442782598628,0.10797726765080275,-0.52194517491998,-0.42869336398891594,0.08059326156670867,0.15240115386094433,-0.05512505857431543
SYN2_0242,-0.8782323138567198,-0.6830073626811977,-0.38128296346966756,0.3965515075463272,0.7962477674772233,-0.7665858835349332,-0.9614137623631952,-0.6849871696271385
SYN2_0243,-0.41455162840935383,0.5854144004420838,0.763831471916238,0.9234857819342392,0.5724573429408618,-0.10685880662047792,-0.3622907553460146,0.7514753015042567
SYN2_0244,2.2297699569054625,0.8914372311199827,-1.3628135741899767,-0.25144724413024894,-1.2544606415118156,1.028314959732114,0.5394456635938961,-0.12904640362659062
SYN2_0245,-0.5409404169326524,0.5943210624757241,1.889478847989811,0.29855840628913966,-1.658640534430908,-0.10503128752285036,-0.4118557940021494,0.8549597877589082
SYN2_0246,-1.840130449329087,-0.5006452879261081,-0.6322239030283638,-1.4336988929383365,0.8207340240434143,1.1204705562427382,0.24866733608542677,-0.1225769845023292
SYN2_0247,1.009681899321552,1.04121432612004,-0.22721112995605694,-1.358598990603743,-1.3946637873527261,-0.9426974337836088,-0.25329356609841147,-0.4257700045709417
SYN2_0248,-0.8865591245492732,0.6935243082202851,-1.7963110413251622,0.20430328817501092,0.14224135054201442,0.4278952398908861,0.45943486722943633,-0.7873808308337409
SYN2_0249,1.1003669017590452,0.11046125327336496,-1.2187834131981041,-0.12898398180932139,-0.8220132404677226,-1.089095765391904,0.9951870156634676,-0.8693644365172207
SYN2_0250,-0.8430210839402865,-0.3151586078686595,-1.6792212591962306,-0.3368749292061754,0.42673396953181325,-0.36492344618426775,0.5263310953867237,1.8036602517370357
SYN2_0251,0.7418274111209077,0.5722587208183978,-0.6412593905744443,0.13241101975174766,0.6221773108662679,0.07833176566721721,0.7405651825315376,-0.49149862046492876
SYN2_0252,-0.12143753111670823,-0.23302370937164135,0.17081083079565867,0.527356422260044,-0.15193337189843228,0.680767711032226,-0.08191459642629242,-0.0947881005445541
SYN2_0253,-0.25985618464166116,-0.9118529653989522,0.7712480503260171,0.7736281449760892,0.09038312660771534,-1.220099754739408,-0.6655839216395285,-0.8854823539247348
SYN2_0254,-0.26589021313430833,-0.7665448834145293,0.0187788329323996,0.4712812893111607,0.8446448024519441,-0.704270034224437,-1.3371450135349356,-1.672871503524404
SYN2_0255,1.2785338495655496,-0.5004084717081193,-0.42962054330380006,-0.885239827370842,0.06829359792954247,0.6893997391966779,0.914510247724224,0.9035685801921364
SYN2_0256,0.6707811036126172,0.5488823739722473,0.16550439417002236,-0.9359009885064572,-0.45677511956166833,-1.0478827453491455,0.3116036755537617,-0.551566997455731
SYN2_0257,1.219026887754692,-0.9769286427377564,0.12687476252705265,-0.27821078785794223,-0.7696193932655434,-0.27974444979010843,-0.03769260757656628,-0.23086823011710558
SYN2_0258,1.158499686437532,-0.22344603793321455,1.474446323361657,-0.7998061833890343,-0.843223386253679,-1.3885035049359091,-1.5414071108125196,-1.8345399030397964
SYN2_0259,-0.030132729421300453,-0.12330711764971199,0.9690195976782449,0.4116409090191938,-1.4247732319622168,-0.36462488018931977,1.7569879327822227,0.2015444572521575
SYN2_0260,-0.8148143393383368,0.41259335345730364,1.0208566551652913,-0.07659844571070265,0.7120053929506313,-0.22683545679652828,-1.3454058505112605,-1.88245419294376
SYN2_0261,1.3004177113679125,0.8302538090227592,-0.4596416645728239,-0.9239258583019286,0.4945574809442952,1.579422863116046,1.8902616706235753,0.13614743101946308
SYN2_0262,-1.61767398760602,-0.5901150421196598,-0.22973501152649137,-0.44751529132437623,-2.241537644664123,-1.4922428748784438,0.24046914919550572,-1.7353583661183003
SYN2_0263,1.0562206007805168,0.45603515262456035,0.8362562827503075,1.4113841482744987,-0.04673510353244087,0.7726808344439087,0.5988770321166046,0.9623351030758842
SYN2_0264,-0.6712524492384242,-2.2337261221989566,-0.1666172408805102,-1.2987264907035982,-0.6503968455170795,-1.0140071230091627,-0.889765059698292,-1.8233860534045296
SYN2_0265,-0.07430060428826667,1.705871532999501,-1.7308730385664794,-1.6039820985501363,-1.604123994014168,-0.5166753659380658,0.30317109799712355,1.5760971513704245
SYN2_0266,-0.1552545861028738,-0.3059050736495662,-0.6171885526118832,-0.4136734309278483,0.436724452938086,-1.2395780179410902,-0.29266517441285855,0.34276929379362203
SYN2_0267,-0.36581988580047764,-1.052045139749012,-0.4313887596182859,-0.6519422586767519,-0.5308925186593094,-0.7090843695004292,0.9521070252888736,-0.1754212113696106
SYN2_0268,-0.8311070181305713,-0.008652770639622494,0.20763950222847025,-1.0526662635403938,-0.8441913800065924,-1.3338147789748052,-1.048499077525367,-0.20988683072026984
SYN2_0269,0.6411198279253235,-1.0791647914042912,-1.7921297388214954,1.1104386304066054,-0.14466051637783914,-0.5745576680575711,0.8994059838624222,-0.4882402774245041
SYN2_0270,-0.6522073007771735,-0.32765566665588053,-1.0055136233888726,-0.9271515023175918,-1.1646281968089953,-1.3172739585361164,-1.08812749622248,-1.158422324663005
SYN2_0271,0.1815598153494585,0.3191546926037844,1.0032839553937432,-0.181132253703891,-1.3753118365622268,-0.12337977228940047,-0.26613068039992854,1.3588998510801142
SYN2_0272,-0.051830859959672355,-0.8866143486468474,-0.4242441634529301,-0.7749768511853273,0.1204697317251753,-0.14189819601395628,-0.4010257108670523,1.1119926127379043
SYN2_0273,0.35318760686607725,1.2100145096033654,0.9647009080348221,0.7970043622042348,0.26540007459465026,1.2207962709588174,0.33642814096958523,1.622956346392175
SYN2_0274,0.47047018122527523,-0.7587202045053416,1.2307846109653484,0.9541208405603939,-0.16159670296295156,-1.5279398577899583,-2.0865001993879573,-2.2135885497153436
SYN2_0275,-0.2698984112961331,-0.18874398103159595,-0.0952427791602433,-0.25255857184935626,-0.3989308455431507,-0.5118205262718715,-0.014989681940433368,2.13266934571357
SYN2_0276,-0.9564537472950676,0.7535148324779892,-0.2650718423209203,-0.5770838669196777,1.726803001075948,-0.3345960929405466,0.4100408600090003,-0.02217043307077474
SYN2_0277,-1.4203417892115617,-1.327351063336036,-0.2919591033438263,0.6355327999493899,-0.5723493256075052,-1.0351331279509246,0.17257309102375898,-0.433185697673564
SYN2_0278,-1.1595723259802895,-0.5519806591526224,1.418367998562783,-0.6957230037513843,0.5181951148515276,-0.010178765076269584,1.1186907871056255,0.71834611375572
SYN2_0279,-0.07286908539746115,-0.4445003604213381,-0.6137315368278501,0.10232073973945342,-2.0869148889723426,-1.3899030779989223,-0.4690473103056189,-1.0978380498673006
SYN2_0280,0.2593992342952215,-0.9779428678935081,-0.34224306174012387,0.0006611788325742218,0.4983199086072363,0.7379464732730456,-0.21594646068295428,0.3565043284983885
SYN2_0281,2.2483582308125496,0.8271401367833645,0.20820961187169454,-0.4058250909843446,-0.3344411602421758,2.216771780240686,1.061642266441717,-0.007231946544080357
SYN2_0282,-1.5131003684492752,-0.6794997708397481,-1.0392676114565766,-1.7196111560715297,-0.5946249451852724,0.35213760540664873,0.6482905686689511,0.2977672255090991
SYN2_0283,-0.3274505090097467,0.7258196620992478,-0.26545006855408343,-0.5875704213597694,0.9699176608268302,1.1338168780743434,0.03268941700886426,0.2937634499598522
SYN2_0284,0.4755322123077299,-0.8958741513123002,-0.35865403775100746,0.2066728976248524,-1.22369665856211,-0.5796333602491692,-0.32827333910516987,0.1507970091303219
SYN2_0285,1.450638304077642,-0.7567969484353197,0.9356269997615104,2.188766194455621,1.9301244668459787,1.340916781344833,-0.7474360083627732,0.9012206188906575
SYN2_0286,-1.2453290955103666,-0.33150701901558627,-1.7913799369860355,-0.8455695546110786,1.337678944436976,1.0063874147153162,-0.3725533522320995,1.0108707535051233
SYN2_0287,0.5829298331093368,-0.2822637885520872,0.17912576398007754,0.36513738316644284,-0.3782791311111277,0.854137558065376,0.022740923522019375,0.7480571525364911
SYN2_0288,-0.134967319641858,0.6471905044023996,0.4592348185866491,-1.1889390302179264,0.9029472990034302,0.06463952647629607,0.37784897785476895,1.602414595719189
SYN2_0289,-2.4277228902154007,-1.4267025706630643,1.315514118714026,0.4041889251995408,1.0551348939902814,-0.3676306752271281,0.42445371084878497,0.570927935418589
SYN2_0290,0.6970291450836351,0.6940695796676879,-0.409215036954899,1.0411591104734093,2.1815100264883514,0.2905544126386552,-0.17907295273795287,1.5839673732615083
SYN2_0291,-0.6635774799877998,-0.01751381535434237,0.4942428632653476,0.16994115095394033,-1.000009730033659,-0.6029200338536428,-2.036256432979994,-2.00475867434456
SYN2_0292,0.006920127042244932,1.215552186186958,-1.2132395468925412,-0.4334650057989437,1.0036811392868485,1.3682720293027337,1.3908328974550175,1.3168218182371927
SYN2_0293,-1.5937460161368453,-1.5883930990664836,0.2139264670334547,0.18940763735061855,0.26748606495529287,0.4153681727404568,0.5392460193185942,0.005361583213642814
SYN2_0294,-0.5987834865515168,-0.30564040301160256,0.5162483144647602,0.2045674922947335,-1.3920795941198532,-2.5250630367203657,0.8603150864211287,-1.2746810675765952
SYN2_0295,0.3751119579993418,0.22777597722674078,-0.2835958070674631,-0.34757854641618824,-0.9486738043530647,-0.0340329904579846,-1.1194046201659476,0.4034611980119547
SYN2_0296,-1.6684350790670284,-0.895421367330267,-0.8988730852367083,-1.4396987520085447,-0.25576714591711996,0.3625424040282483,1.197548934641315,-0.33837675086359265
SYN2_0297,1.3555846691666156,-0.30535267720589443,-1.8412562499788403,-0.24670980650758162,-0.6730733244130198,0.3507805725099673,-0.20925851560336792,1.5470454346340077
SYN2_0298,-0.25852006330918903,-0.768123632000105,1.2073303013090586,1.6564634478263625,-0.5413818831376893,0.9990722453916019,0.16696603631032308,0.5723042962108333
SYN2_0299,0.1850340401964678,-0.9872197057271181,1.294512454509913,0.24538308287538346,1.295590110047725,-0.8357134504059223,0.3614624865876446,1.0524947296025096
SYN2_0300,-0.19321700230072572,-1.088420776079924,0.030383263723409843,0.7994661465449525,2.7669516564563454,1.5381614295409132,1.2194400624481705,-0.19185533355135004
SYN2_0301,0.26082223847002595,-0.5457265612768742,-0.24867375806671171,-0.2709109614787178,-1.423196633842144,-1.7146852889933577,-2.290098552504678,-3.1477075872949216
SYN2_0302,-0.7450806311397177,0.25873939253145717,0.2799249962949354,-0.4289269172776367,0.2329862917585593,-1.6019225548185236,-0.650664443092207,-1.9138334804471044
SYN2_0303,-0.20821223275925654,-0.5099209176963247,-1.049187919496745,0.6650435405641157,0.8853918689745564,2.245994678131523,-0.8807953406222562,0.15070020534901174
SYN2_0304,-0.1551856833186999,-0.5255595648334752,0.1907877490572269,0.7983391206222775,0.20069006767645226,0.35564851980722756,-1.4337856224458416,0.2997047832503073
SYN2_0305,0.0924341940248285,-0.27691398014802565,0.0008890834519487602,-0.866568814497071,-1.2927700389964016,-0.7919284422132346,0.8049197739773515,0.5501010534627231
SYN2_0306,-0.45689119012654417,-0.2789576794780455,0.82891678488721,1.215207992690965,-0.29683124445224385,0.4431936584567206,0.07611766435532605,-0.2528959140778225
SYN2_0307,-0.027450828791274494,-0.5481335321647681,-0.9319275727718581,-0.6354464488211576,0.7810966563898962,1.2796150240732982,-0.4664181050842746,0.69745875316521
SYN2_0308,2.113915900542059,-0.610193788360744,-0.9725786578509319,-2.172516484637214,-0.054525495389967135,-0.8388528308676888,0.43952515760846245,-0.19132615514199885
SYN2_0309,-0.6405132203892339,0.18483340532587725,-0.3228940781500692,-1.6638393579129438,-1.0417191659875333,0.4745753319558087,0.6582073529060904,0.8023736422150425
SYN2_0310,1.4298020371182667,0.21547700960483782,0.20210932997559428,-0.2772736431386267,0.8255844301096077,0.9801137513260142,-0.5382881855622597,0.0739882790184176
SYN2_0311,-0.08115391988284934,-0.36273737621564683,0.2330490995710152,0.11085372929602319,-0.5300579758816437,-1.1218337544896073,-0.15799099858913546,-0.8978965658280827
SYN2_0312,1.1426645835292473,-1.6011771883103847,-1.4195075485592528,0.2750370945117357,-0.01755423469003036,0.3909575234516258,-0.5269257448399143,0.10105069568614204
SYN2_0313,-1.3829298730511692,-1.4461895446421318,-0.5915852259560392,-1.556557834523908,-0.8121607548270363,-0.15325803008946481,-0.7031724980549668,0.20460939886072133
SYN2_0314,-0.3689302916386225,1.4023900095900446,-0.6620633635991486,0.46202228873525725,-0.15136846755571828,-1.294761893874541,1.052963869046381,-1.0804539614608442
SYN2_0315,0.4576747788534502,1.22777993445293,-0.025055325280855075,1.555421646455414,0.29678417182438205,1.861412463857983,-1.050459360116176,-0.08380363085044468
SYN2_0316,-1.0031274917005144,-0.6540538498144476,-0.9014154171856321,-0.002358007312177519,-1.4178253046761475,-0.2441718576145329,-0.3524153894474657,0.9522603994634352
SYN2_0317,-0.43726782641279155,0.7100821544315628,1.3069229558183297,0.5385443074167146,-1.0721893966767158,-0.13496056839374854,0.01604170215221184,1.061220499683937
SYN2_0318,0.2829659062386027,0.06883680590482688,-1.4669317325170332,0.4603141553899131,0.10105681136004,-0.963793086020869,-1.0370597277144966,-0.7839430242875484
SYN2_0319,1.0904046717750162,-0.7265916942716751,0.5190139769118446,1.5428494770708625,0.7449293713456018,-0.5901044136300848,0.5540624461373149,0.7993658631768116
SYN2_0320,1.3052028098728625,0.47156761195094066,-0.15146480297602022,0.191540342201416,0.4020277675030402,0.3457934379565826,-0.10582170940988939,0.4994333794378095
SYN2_0321,0.3200093558906164,-1.3768103766293072,-0.24692258142442983,0.1949239986903885,0.6386570236217156,0.1215106593823818,-1.8855010625640551,-0.661719370169707
SYN2_0322,-0.018658049606232765,-0.43338967004707857,-1.6428958903960607,-1.8854798319958006,0.5198192518366764,1.1497075961259862,-0.3043030126826584,0.7523365618879152
SYN2_0323,-0.5320010988325502,0.2922896974985378,-0.6550192810131419,0.27905829149365446,0.9947086134241344,-0.2009006202574103,-0.0846356310736906,1.075529972109232
SYN2_0324,0.3741633276453929,0.36643872669058297,0.4318384794725168,0.6905748709711447,-0.2989252102045772,-1.4587624522192226,1.5148738121075145,-0.4100403239764524
SYN2_0325,-1.0201350830822142,-0.8697429873990559,-0.09435999893731173,0.08489041068450584,1.1244548597210025,1.0190503170784313,0.8926606545063189,0.37406304808972096
SYN2_0326,0.5309094034308031,1.336010827878388,0.31644323310997646,-0.2035995471916798,-1.8111349828589107,-1.8437831073146544,-0.9990794819885477,-1.0763619761746235
SYN2_0327,0.05244595289837385,-1.1394489225468263,-0.12506983686286657,-0.7345404727465631,-0.4418316080795019,-0.4223546193295591,-0.8366571419572574,-1.099108762591453
SYN2_0328,0.4886514605213156,-0.020203066355790646,1.1970779473559376,1.8032585411619444,1.0622026204239525,-0.345568350999726,1.1475311614015646,1.569547023570855
SYN2_0329,1.090905086960745,-0.5366644973390282,-0.524104274335161,0.7307245413370967,1.0849625569113768,1.1530452165938212,1.4976546801405883,0.275170481500192
SYN2_0330,-0.29373472193134154,-0.44730721637902837,1.5731965418807572,-0.4966508007725366,-1.0373292555993754,-0.6485455923118826,0.06179979312378378,0.9100802615707899
SYN2_0331,-0.026294738118019332,-0.3864920123963009,1.1004415768198614,1.1596678419655135,-1.2219319665823938,-1.051126478266144,-0.502194701751514,-0.12167560327969003
SYN2_0332,0.09595655096632971,0.27796511634516696,0.037941049626686506,0.6163623296871376,0.938518415487825,1.504691131776178,-0.17733103811755152,0.9614803503789193
SYN2_0333,0.30899413172988355,0.31062665342037166,-0.1859337899936589,0.2827970290572766,1.5945967719847016,-1.0252638124286715,-0.08170022323735704,-0.31676371592057206
SYN2_0334,0.8354642392958909,-0.5102292258449026,-0.020970357044808787,-1.0571899926983108,0.10161417301329835,0.06068910542893966,-1.1840690375360785,0.34361924414504014
SYN2_0335,1.0736234077070135,0.35554195482461054,0.38869271081273926,0.7687682649461504,0.5754047053233458,-0.2054431372104505,0.9246082518489093,-0.27185705662427656
SYN2_0336,-0.0926926264174455,2.3397705197867733,1.008376808065077,-0.1445781340695656,-0.3965943894255652,-1.6063847077264155,-2.5087337645128356,-2.685018553183737
SYN2_0337,0.05954151781930177,-0.1374316709218381,0.7274808194199454,0.035770624288246164,-0.3742314670001287,-1.8034350897343816,-2.5570101374767207,-1.1143037217741274
SYN2_0338,-1.6326059177179637,-0.5850447890486217,2.5730083357663394,2.0850737314969643,0.010880017206169396,0.4576215725690223,-0.6431133755696378,-0.6579873796758793
SYN2_0339,0.5610589829739309,-0.5271385700364737,0.8694545267048903,-0.6100029862805674,-0.2950612008162727,0.28434517722923414,0.15676506980700014,-0.1574339133411714
SYN2_0340,-0.09710541226069581,0.2749201374679478,1.2013428974757587,0.4995349369265247,1.5272688221793809,0.23196230986237856,-0.6037233364217685,1.5612301675636897
SYN2_0341,-0.38623040145323384,0.27865908499842557,-1.2035498891677177,-1.2158944243195802,-0.61053910216909,0.16533970477055632,-2.068860071380155,0.7238926287943523
SYN2_0342,0.759872451928333,-1.0114405712823802,1.5702864739071507,0.21690900437040453,1.5812637446399678,0.6800419804904653,0.4341690691284556,1.2569385194577418
SYN2_0343,0.9484455570074631,0.7491977850218063,-0.5940812979366761,-0.32486750889386107,-0.3611337184688967,-1.3614351340814559,-2.114289806078344,-1.7445445481142536
SYN2_0344,0.3465385334885276,-0.18982233691363776,1.096203540202683,0.1801834214501255,-0.9980830532683529,-0.25238222974382013,0.8157690008592592,1.616649103980966
SYN2_0345,-0.2830360408136589,0.24289641172138618,1.0212686110509663,-0.39865174381424623,-0.8500166209989551,-0.6968137406856947,-0.5367669823893082,-0.3831077088840125
SYN2_0346,1.331763659532819,0.3764295534068251,1.037302731354983,0.4208816361175877,-0.3199649176334461,0.02516029132726105,-0.6321387482730703,-0.6083451411063495
SYN2_0347,1.3904267686385283,0.6119886109306705,-0.506483003545367,0.6421194996146399,0.037212346431201006,0.2593202968994025,-0.060193529864220545,1.0200322178162435
SYN2_0348,0.28513646063540365,0.5857523978737736,-2.1666424141376455,-2.4042874590564765,-1.3263541783334596,-0.9446020168546149,-0.993172997671193,0.35952464280590435
SYN2_0349,1.207341777339631,0.1336318812855332,0.3553065622094085,-0.07417749790231219,0.08670219976437048,-0.3318641678259256,0.3547995449727964,0.8704735151057758
SYN2_0350,-1.045103504419847,0.7223986456171525,-0.6574042568953159,0.27089086614206265,0.482722289406533,1.5743580925811902,0.3581637313824562,-0.0678391458396412
SYN2_0351,0.005061543951505014,-1.4784203348254745,0.629482138409961,0.38102208907413204,0.4737367098970241,-0.3006083640790313,0.5188504445136924,2.0016502480813867
SYN2_0352,0.42455064289758854,-0.21722323028942347,0.5602537422766308,2.123010138331531,-1.33698797569441,-0.6923026995307849,0.9553556660677438,1.4447071899634396
SYN2_0353,-0.6947779303922738,-0.17915328204882616,1.0078988971159646,1.4537769407356613,1.33217636191662,-0.31891485789499846,-0.640444432565904,-0.09153726204943118
SYN2_0354,1.0306164468577106,0.263932468899805,-0.4009800395335931,-0.6555434699414472,-0.8558035196230152,-2.0729719091276015,-1.0297655222132756,-0.7290125843756683
SYN2_0355,0.40215301353447475,1.79513851278095,-0.0005939759561439301,-1.0148539580940066,-0.995822203746248,-1.0096843900638417,-1.0960183080476946,-0.024878195695242182
SYN2_0356,-2.9722512382909527,-0.7541814572308012,1.0721172242027979,0.020286471813454134,0.3333545330299294,3.110127735689897,1.024974529742279,-1.367862174400334
SYN2_0357,-1.3260836069346884,0.6390266924830267,-0.2572799525777245,0.34441800850388254,1.4269683998446427,1.5781124535309934,-0.5817365664480669,0.8544197399505715
SYN2_0358,-1.234298031298619,0.001247527831981662,1.0864350154965339,-0.3671970195309798,-1.6726050327539617,0.15298141840533147,0.023064266140524717,-0.13417659891884506
SYN2_0359,-0.37436854656851126,1.3916141973886158,0.7896914245908273,0.3176811581797661,0.6680658269694604,0.6543584404463217,1.3004589826132604,-0.41602601671756384
SYN2_0360,0.2556516454876105,0.16068323056686407,-0.23746313552710802,0.7722849369152782,1.418633537184616,0.3295210580839364,-0.7069100440748405,0.7192192392151141
SYN2_0361,1.4417879134183103,-0.6139721690528341,-2.3065541410367114,-2.429950035161881,-1.7764331452437523,-0.328339574140236,1.1602940060189408,0.24393681181134783
SYN2_0362,-0.2876570969517016,-0.4299418296766629,0.14487416057471744,0.8999136259243736,0.6945821642517637,-1.2425589381481852,-1.431026492454298,-0.7869385023201289
SYN2_0363,1.641550999337813,-0.3466825626170293,-0.9287457442346669,1.1844999836769907,0.07401003084434998,0.6855114776278253,1.364758843875664,0.12473229842085777
SYN2_0364,0.5809470485468796,0.6580930537592732,-1.5189836226335767,-1.4030620302583943,-1.0360561572065952,0.6393523649123972,1.1288731654813597,1.182051016776942
SYN2_0365,-1.5556694416184003,0.16814943808551197,0.9539415532416001,0.9767910909130761,-0.9622278810154362,0.23883703202339848,1.5944705736508356,0.11605076269225824
SYN2_0366,-0.023680978370346103,1.8257214773094745,1.1870808201601444,0.7923329602314697,2.0985477813544837,0.9611422643091303,-0.06887849522318479,0.8041122523480656
SYN2_0367,0.21799535415003832,0.14719924332755804,0.31185293278407655,-0.5344721652310743,0.09371621652230233,-0.10992286262224867,2.2161317659447946,-0.29677688907910377
SYN2_0368,1.1489419848211273,1.503593322032974,0.11047445024905427,0.23332448575924952,0.48232491460360943,-1.2658333771295427,-0.005561063239397201,-0.9049998335813585
SYN2_0369,0.2727091715364042,-0.5925287142018321,-0.4227725857897582,-0.4063633212947667,-1.2361284994041017,-0.6597570817598404,0.15247880203514794,1.6758758652983667
SYN2_0370,-0.29908250628769095,0.6697883041098167,-1.1357477203052682,0.2570896847586628,-1.1598986366349004,-0.8489298610400585,0.6499208017748948,-0.21376459311909785
SYN2_0371,0.24746941120562913,0.9900289136330409,0.36616312723688343,0.5354377507932147,-0.2186315562759122,1.040232607314392,0.7764596578306415,0.7762055620614495
SYN2_0372,1.0006826907481035,0.06703550749300143,-1.3164067556381158,-1.2827890436432376,-1.03767499177353,-0.8581351289369388,0.5811919178817948,0.4199501510645797
SYN2_0373,-1.8896181463719708,-0.6002369300843565,-0.07464435734331273,1.6137598632913934,2.4303157567643674,0.5368763725598636,0.18595490436312065,0.35705094878999255
SYN2_0374,-0.4400716904356152,-0.3829886145424481,-0.8730177749136602,0.1971947883583136,-0.6097883117850528,1.098080908053684,-0.7747925692392024,-0.1626708021439565
SYN2_0375,0.14268080637953323,0.2073796880501033,-1.6969855914026646,-0.6203146995765468,0.040769675522294324,-0.1641380189418657,-0.194598829491834,0.5035172412027671
SYN2_0376,-0.2311290687887023,-1.7455011911927516,-1.3973474764823592,-0.43394617566610955,0.36595071909119087,0.8365218558997588,-1.0622397284283187,1.0686726045552406
SYN2_0377,1.035913611555322,-0.4059904101199315,-0.5842022447852588,-0.11713470329002791,-1.0299250353179676,0.006229211689363663,1.1331201899615964,0.012910738417149955
SYN2_0378,0.099802997828964,-1.5688785887311727,0.01792420525804283,0.9782453487209297,0.018589752674479217,0.2448317920247499,-0.12396180159528578,0.3984555750995805
SYN2_0379,0.19855711128791112,0.11096413727628718,-0.05703883542867806,0.39034665030685367,0.7646193918072077,-0.9471227102251695,-0.8290069184388523,0.2813244495449971
SYN2_0380,0.27429233976139694,1.4206820141893335,-2.087771589276584,-0.7327218274739425,-0.6907277625644787,-0.6802740331556493,1.1536314644365702,0.744731474117219
SYN2_0381,0.36732336662276194,0.30335090547906646,-0.9247838468704274,-0.25310097825525985,-0.45208076298871996,0.17770686899269927,-0.3886503208584291,0.21708857239348822
SYN2_0382,0.7973917072434875,0.1924393696792226,1.5129315651207131,0.8666278590826214,-0.4528490347670107,1.8265475511567693,0.9077014257188829,0.13301176455886177
SYN2_0383,1.5960065624238409,-0.0376878665139445,-0.5358832271368887,-1.2602782310586174,1.2663553951667674,-0.19381110571859086,-0.24220374911268847,-0.4287121342487328
SYN2_0384,0.1713492276212368,0.3965816251851998,-0.5703498682230728,-0.014594837166565552,-0.23517145283087532,0.49137689311597055,1.447057976328722,0.21360256234350136
SYN2_0385,0.9819331208747372,0.9316340404960047,2.3837493273998644,0.48239086142481535,0.231172779236781,-1.082718259001981,0.01861187538108975,0.8854877195965031
SYN2_0386,0.11698176420958016,-1.339284527428092,-0.7894713327845547,0.2990418708452076,-0.5909119199230525,-0.5305289461495123,0.9252607765848208,1.084330031560399
SYN2_0387,0.2874719803678833,0.39329038420955803,1.1771408500542577,1.6295765207144837,2.117566562393345,0.11346104912365738,1.3172279759921734,0.6990547521917974
SYN2_0388,1.4807209345402164,1.0739951134520416,0.37572340456285247,0.5243567560623551,-1.2079197345146004,0.33050823667340157,-0.7966619161434411,1.0173412376979927
SYN2_0389,1.2097746277221977,-1.7303125432437603,-2.587574322950866,-0.4285436561330581,-1.5175353880909888,-0.1472364951377176,-0.20188585951331373,0.13693742600551298
SYN2_0390,-0.36595033339020444,0.39915734181452356,-1.5247437484847068,0.09760799956808643,-0.5014518635000977,-0.9789755102386011,-1.0467318235190282,-1.1703847014674318
SYN2_0391,-0.18406703696512436,0.43599064599311005,-0.2311780756870669,-0.3796121170112343,-0.1438766608501598,-0.04039261818381969,-0.9655204503358925,-0.3030198734453634
SYN2_0392,0.45806711677780604,0.6795741582142877,1.92745436328928,-0.12778565473744385,1.3051877739631579,0.01701515705871797,1.0089001413243035,0.5522200913638478
SYN2_0393,0.1910557804703999,0.08201604378669328,-0.6681207598893335,0.3961332146070854,-0.24394149413152416,0.24656712443519274,-0.22653648918512476,0.1987036579096625
SYN2_0394,-0.9286126330312648,0.10735598480755182,0.6827287002382131,0.4479994275926874,-0.39372082751597776,1.0919208731926215,-0.4946877277475262,-0.24438730797059174
SYN2_0395,0.22760993401542332,1.3914243352539688,0.9229751230620211,0.8813866402702394,-1.5762901703756291,-1.6776144904480181,-0.5739864906387437,-1.203057880090473
SYN2_0396,-1.8832458110029506,0.7830584802423325,1.2531608081457646,2.067448777883039,2.677464602124881,0.7086142221980243,0.7941154264862986,-0.8095411613533372
SYN2_0397,1.1614701669221301,1.2115303396832833,1.720236222452633,-1.6887153419262972,-0.10213073409980614,-0.4237184743700144,0.43842363860053646,-0.14690919535454425
SYN2_0398,-2.957428899798753,-0.08727303313515239,1.1094426393384014,0.7455757655843485,-0.15049505679675598,-0.9239620145556922,0.9288148686597661,-2.0864939024758136
SYN2_0399,0.7181721920103011,0.9294170118237317,-0.6824054495780899,-1.8402792416727987,-0.7855670200718424,-0.5046415136078157,-1.57040984633575,0.21332451077462108
SYN2_0400,-0.20918992825759752,-2.066746137607363,0.6047633982332699,0.3507439260918765,-0.49986493637569507,-1.9178584451460459,-1.7510412679852243,-2.7938640446921865
SYN2_0401,-0.2725501415652085,-0.22538830424457348,0.39383206556643996,1.3327763128845889,0.46696183485398585,0.13156863990464923,0.8235499070674808,0.41729852132551554
SYN2_0402,-0.7818160929296689,-0.41104330281776924,-0.09142207703350128,-1.550002678148006,-0.7990747545662612,-0.41647666684283546,-0.48358301169703116,-0.6134087921985291
SYN2_0403,-0.10111438557466723,0.658026434906666,0.6954616238389605,0.32423882140806404,1.134525216484059,-0.13026217549248106,1.8856359088016725,-0.1957938090581273
SYN2_0404,-1.4683474770272744,-1.3267828354245046,0.5634814125024971,1.619135628181482,2.610602109755826,2.1649495664794833,0.8334778152223629,-0.22266729062358376
SYN2_0405,-0.6114180448170736,-0.2395020539985578,-0.01413704470628213,0.854639290681665,0.1290651577759864,0.7566451010058645,-1.189437099337243,-0.07642533406732056
SYN2_0406,3.2103344262442004,2.1462072165564146,-0.30319164766384354,1.4427529766949188,1.320969523538965,-0.3990535144452413,1.5048114040253726,-0.5990073367599592
SYN2_0407,-0.5135336542631956,-0.25782016958254006,0.0839964282109051,-0.0699356157536338,1.8315730300474018,0.6593477601899994,-0.5855295055372806,0.17881769637263406
SYN2_0408,0.5192433194678058,-0.49947968718608265,0.06146932731829376,2.1542554573701596,0.17480867170267303,0.5871306885422328,-0.6774540758023997,0.3139850685004579
SYN2_0409,2.1029602757267636,-0.6910934820881816,-1.397499006688765,-0.8057714238730207,0.9300318807300131,1.4494389856711598,0.8883091782206749,0.6389476274745194
SYN2_0410,0.9580612519638984,-1.2248872858790532,-0.5759397902065425,-0.7223269753045777,0.3371154152314245,-0.6375412687973748,0.46842778530884366,0.9801681089496397
SYN2_0411,0.27108443299797147,0.3338738408370254,-0.9942828819664178,0.5205803726826358,0.6104255136942344,0.22757601574656583,-0.004552769937787003,0.9635593983204622
SYN2_0412,-0.9696528680387565,-1.5060706884453183,-0.35349104441595564,0.055989443721193695,-0.862070429138014,-0.8472866886690132,0.9510222055040917,-0.9146016660361579
SYN2_0413,-0.3528863530214059,-0.12388374593704453,0.8042252802904556,1.2981037068180443,-0.06445735299941459,-0.9434441558280741,0.390847403081666,-0.043772331752580516
SYN2_0414,0.6039195918681326,0.544522417572833,-0.857841252707081,0.14222246896666602,0.3241894030490243,0.9820541394069542,-0.26542414731095754,0.19322852463010973
SYN2_0415,-0.06811072002031125,0.2158039741884351,0.9857891189751579,-0.15897823899593902,-0.41062520014824033,-0.5215972417864357,-0.8457104756975431,-0.34267454020840055
SYN2_0416,-0.8059989489340273,0.8613546655507963,-0.5250591086118938,-0.9165492189736237,-1.5358463731257057,-0.9667867772752037,-0.8064686097231484,-1.6022730686427031
SYN2_0417,0.059190979304419265,1.6204145985462908,-0.3549287808046706,0.10826360662618116,-0.8622080194103119,-0.04300770301075126,0.34326012335887846,1.29530578262208
SYN2_0418,0.7924173239069052,-1.417467961393971,0.0544225640050115,0.09366779910638108,-0.22484026958290623,0.3978349898249421,0.14466076981839704,-0.30890390201809337
SYN2_0419,-0.8126825147942495,0.10682693362192788,-0.43080530323127336,-3.0921270200332516,-1.0930902558813833,-0.42382122762305574,0.7014611934725629,-0.280635848004907
SYN2_0420,-0.7181920280015267,-0.4806272603291086,-0.8828643265677778,-1.663349465768282,-1.5391324573403231,-0.3886968879586224,-1.7491525946667417,-0.36787453780127277
SYN2_0421,1.037983060647921,-1.6849038416590216,0.30170487111454175,0.12156700203510784,0.5730759968910804,0.12376851615736426,-0.4879364983658799,1.121486590273281
SYN2_0422,0.24266516129032262,0.46071326773065063,-0.24447840067909019,0.8002572661297497,-0.07806664311790255,-0.4490426688473984,1.7781413701467155,0.6173397269310785
SYN2_0423,-1.292823054920037,-0.5415183164857705,0.6230226760434822,-1.75072147660377,0.026873989501712842,-0.9038429820978836,-1.25510234663145,-1.817205689528884
SYN2_0424,1.0919404428501827,-0.23338921293353054,-0.4080174969868293,-0.9081011159144126,-0.27954431134043606,1.5834444074172545,0.9978599270077602,0.11524649761264738
SYN2_0425,-0.6905082045244281,-0.009297632120556508,0.20648860530466226,1.5170023680741602,1.3282206974480555,-1.0091016764022718,0.05076854362643353,-0.7171334126270478
SYN2_0426,0.7727452839640022,1.675220486541183,0.9298475077814985,0.9381349378558547,0.35555910215365655,-1.3777361215844985,-0.3342058646454326,-0.78063100528211
SYN2_0427,1.1674278443595447,0.7668762045771667,0.6732090974230132,0.45246221777471085,0.8142394664515866,-0.6671655093413836,-1.2592648859828606,0.3552433955659482
SYN2_0428,-0.2880589472568363,-0.6223094236496998,-1.2850281069492593,-0.5309963358747245,-1.1554317573387807,-0.979450669040341,-0.16278352464517515,-0.18303992640382746
SYN2_0429,0.23685016855100074,1.0537803161405448,0.47485629936616375,-0.24082513366169486,0.2322051063905512,0.41288304145815125,0.5517031597345229,1.5511836281971578
SYN2_0430,0.8208930775790311,-0.5229945118856187,-1.8173634418910407,-0.712737191445747,-0.6224645449417108,0.7652254094778048,0.0860380467621735,0.011831944845479551
SYN2_0431,-0.13329354682699218,-0.21660839429399428,-0.973119654185398,0.47351275408686494,-1.3026276666642285,-0.5159093085492611,0.84942104631783,0.2210090679527833
SYN2_0432,-0.17147774408339025,-0.3546858288658255,-0.9660134242378131,0.2617110848587279,-0.31377808658234907,0.03279356811363718,2.2000408198456225,1.9604299201164201
SYN2_0433,-0.6436973402374888,1.0967392593632117,2.1358534790084227,2.0927765130248637,2.1631090635735717,1.5492980063082584,-0.3023484437633247,0.016169031089399818
SYN2_0434,-0.10796362192737513,0.10122930023454042,0.03462029806799843,-1.9642381185304456,-1.0843977403399718,-1.7681420519329436,-0.8707427417357972,-1.9379360139291273
SYN2_0435,2.0173355098984858,1.0629872351874348,0.837013670501518,1.6492720799263911,1.0042461876740671,1.7560062422002205,0.3706533262462564,0.3362191482754483
SYN2_0436,0.4489560186731409,-0.593736593446383,0.6846541135899674,0.15977491005211852,-0.20787031468174508,1.125099543995307,-0.1446613924300094,1.3670924741144133
SYN2_0437,0.5132055402286074,-0.2923376221488159,-0.7607601263599072,0.4897088501454618,-0.7113483212100292,1.1794006393203924,1.5214803416545568,-1.1164538282909617
SYN2_0438,0.09300516263434293,-1.4591589897102746,2.067925972899405,1.5198481571688893,0.8290052011110379,0.347349142362894,-0.3153176606587071,0.4837718761973571
SYN2_0439,1.2671567871874867,0.26961283317115986,0.06007682210419491,0.15732954220119882,-0.7749792086170187,-0.9321383699337089,0.09681090417425493,-0.42584167739713813
SYN2_0440,0.5964582528059243,-0.03805092508951503,-0.9745203654608801,-2.1065886652018717,-0.8800569916958498,0.987219123376666,0.7710719515558032,1.5116945738568377
SYN2_0441,-1.3830619361353473,-0.15637067498343268,-1.9930844291947416,0.0446235127195021,0.742526716542179,-0.35156907178788144,-1.8791241567921932,-1.2426992592113937
SYN2_0442,-1.328842772038822,-1.8435290550828742,0.09252370612200972,0.41181158606862467,-1.3247704284541082,-0.10445284754617347,0.8976578696876311,-0.7085493357278294
SYN2_0443,0.27175272399396433,-1.1768159664926663,-0.7507853054378226,0.35208529332724486,1.010940921830416,-0.027124738605305187,-0.03136050658615893,1.9550113951868966
SYN2_0444,0.6694729362573094,-0.31959012729163994,-0.8283992996557542,-0.8139614447119153,0.5472540157068299,-0.8892200176118469,0.5245945344045483,-0.027395198525760753
SYN2_0445,0.40367335669517435,0.5504657132417876,-1.1941809406712507,0.2526121461475356,0.8607471790329183,0.5343055782245857,0.5915495090688894,0.706932224531108
SYN2_0446,-0.151832880149865,2.29684974727409,0.9832672648590814,0.6357982458135922,1.1487482712213473,0.7655432785181547,0.4473647404237842,1.4656145367569025
SYN2_0447,0.7353947667094678,0.8899013490048898,0.6285343072133064,0.7029667592456393,0.11408065287430962,1.0492538486422676,-0.08294236337457761,0.5643187065734933
SYN2_0448,-2.0375351033755686,-0.3696749898570805,-1.6208060495243808,-0.8598145331173244,-0.8751173720622908,0.003971833176943645,-0.1851519546914939,0.11584872482974487
SYN2_0449,-1.2000840419349565,-0.7458644520044309,1.7205687069629036,1.3010202039022118,-0.03684243103776218,-0.2117265446585366,0.227980273869525,0.8251262145434916
SYN2_0450,-0.003332312503953395,-0.45188406499394,-0.6451127109217716,-1.3326092164280618,-2.3636677770229415,-0.7550884036164551,0.17770765391703666,-0.6922162592378515
SYN2_0451,0.8443944058447287,1.1226495286516622,0.653445536223057,3.1288541625672934,1.744453635872386,0.2500862675105669,0.19157053741025593,0.5890736799750205
SYN2_0452,1.366155273917898,0.63984388447375,-0.07202346437226356,0.10039174389455031,1.3087367940553418,2.5192397694202318,0.20630817482835476,-0.30628911485213506
SYN2_0453,-0.9999271321850987,0.3343694573731752,0.584814259511508,1.613540101389312,0.9882317629533849,-1.2078648415481041,0.03508010884750367,-1.6459037123811973
SYN2_0454,-1.9275733795277112,0.43794206777022454,-0.219594125463866,-0.1623281263520819,-1.125711532012867,-0.6150361036916743,0.2570664654327098,-0.4137199324354704
SYN2_0455,0.8693843185544484,0.6828305286807598,-1.0742577558589324,-1.0296987934405286,-0.12554579623234194,0.28444502430712654,2.501968816533119,0.7682456037219493
SYN2_0456,-0.2634931014919361,-0.701087881768229,-0.3025658727590979,-0.32525334220202684,1.3937370982955095,0.4202657915647812,0.8756622189370686,1.9289001850768845
SYN2_0457,0.9752349102740906,-0.19063766712111446,-0.041333438076065696,-0.47576851562147554,0.35294499029837867,2.812962362876895,1.7844948556129692,0.002640125478973536
SYN2_0458,0.8671866197715534,0.38693785285879995,0.2534624503975016,0.3012986526788143,0.6697794616622648,1.1287193035216019,0.3943629195053269,1.0179433954655372
SYN2_0459,-0.1298265756038433,0.9724725933551522,-0.38840403176624216,-2.0596243647901025,0.5000746447944026,0.8140251078391194,1.5884609202663666,0.12109235130713893
SYN2_0460,-0.2147669616968379,0.287223384457475,1.059904567151319,0.029201964111984238,-0.8043997538670686,-0.2804606020695743,0.7646998913486392,0.06260004098632628
SYN2_0461,0.07164559413423713,1.6949875358228705,-0.5626009689310709,-1.546648189897757,-1.1923059875961828,0.22208121090488653,-0.8976715920310666,0.09271928597567883
SYN2_0462,0.46004084939648365,-0.515252230868171,0.3121968445680338,1.109761114195194,1.951416423730388,-0.22548760226177245,0.9619357870496332,1.0384798311730532
SYN2_0463,-1.4099057938750408,-0.1715701838713942,-1.2825167896269358,-0.13781670275826702,1.0307638328372797,0.47873083545411016,-2.5069394261141653,-2.313120501996401
SYN2_0464,-0.41195540974328276,1.4136744256584601,-0.2869529866062308,-0.6613166466033719,0.38008680731289024,0.8296943829359583,0.15579359224151224,0.020840598714181112
SYN2_0465,1.1092002290496188,0.8475820277958855,0.9961845003225371,-0.20801933026812466,-1.0342256262313305,0.10466241950088025,0.41182560407477015,1.0091779739477735
SYN2_0466,-0.38138007267072105,0.7634185734470845,-0.20511339090770103,-1.4708275694543116,0.5222308835529105,2.1807965815288735,0.907678039549873,0.41547815300515395
SYN2_0467,-1.0379725739296009,1.842836700425829,-0.06744430672904828,0.05483303084340224,1.2703433062345844,0.009038111975560252,0.1374274625772162,0.035448218710362814
SYN2_0468,0.20773091993578116,0.5967855109143345,1.122570179589266,-0.42972649795633855,0.2325635105511523,-1.9760183714500161,0.4275541015140608,-0.7086124115157005
SYN2_0469,-2.1313390137097663,0.841603253041674,-0.0023030844544853052,0.5109577213995903,1.5380020635648801,0.28574393185107383,-0.26827072257487106,-0.1258624533191644
SYN2_0470,-0.8374907480917271,-0.03860400202140126,1.064574086281788,1.4283811266703992,1.9784491365475283,2.5194638922767467,-1.158027897716137,-1.277812377353646
SYN2_0471,0.9914975379485227,-0.33090822044466706,-0.5219426816166336,-0.14860244610139056,-0.4182880619033253,-0.38095729087863506,-0.6932446875719516,-0.5128214606842312
SYN2_0472,-0.5097150679341124,0.4484403301757793,-1.4174033275856206,-0.8552135803219904,0.09798578544236831,-1.2049159431049938,-1.1317226958241717,-1.3598779315506944
SYN2_0473,-0.3671801590989627,-0.31245361751277423,-1.0257642219810548,-0.7284840498872719,-0.7421884539685514,-0.4040027976750289,0.36378741370821777,0.928008743280655
SYN2_0474,-1.2460256955984739,-0.9058101405345843,-0.3008599906803444,0.4705072726647445,-0.5798033707488147,1.2980594322432837,1.2346468070538081,-0.22842726607917024
SYN2_0475,-0.423503584733321,1.8056356965885985,1.1989032143666478,1.1746996159704335,-1.2215296050044544,-0.9581840133993498,-1.3399268718222248,-0.6493900873418601
SYN2_0476,-0.6105770773512247,-1.0892396282195869,-0.0793961810596327,-0.22614250803407734,0.09684016920391023,0.6004598596340459,-1.9413229474426033,-0.5185833359333286
SYN2_0477,0.31910295686544365,-1.563583813186803,-0.23489021175635474,3.170222176989297,-0.039595951099656496,0.2587829496753335,-0.09798170249194355,0.7770401441785431
SYN2_0478,1.9420673765108432,-0.012651089502775409,-0.30806077344277344,-1.044204859034451,-0.6554406295572481,0.019269963191828016,-2.2584181320826353,-0.8846440010688331
SYN2_0479,-0.03491466943393617,-0.6651719508782863,0.5420012471990964,-0.20463533917092405,7.13229300213652e-05,0.7985638561180982,0.5556745632004995,1.9945102267767876
SYN2_0480,0.7726915571145809,0.07166112034920558,0.3433428876043919,1.3035453935934966,1.4381558617491865,-0.3285077539293262,-0.4400241150775275,1.2180690017311377
SYN2_0481,-0.28548471799757197,0.7065879170763835,-1.4315582619301428,-0.21418250202453631,-0.20439282434279413,-1.0445500746374783,1.665779790797686,-0.2857185582238538
SYN2_0482,-0.4652243465880814,-0.05659180283056038,0.09760364356820374,1.1904687093187918,-0.5420834912315519,-1.2092520265674103,1.6669367724550552,-1.050127014113362
SYN2_0483,-0.34738257122822885,0.8134532880150873,0.5983390204619907,-0.29849258285529684,-0.439085101480338,-0.6015784645501856,-0.20375889466620398,0.755266062629027
SYN2_0484,-0.21734535223532203,0.5888673438034059,-0.4867113024969938,0.8399397167594597,-0.16536578961494783,-0.07861723940705732,-0.16375527501733736,0.6988466624324917
SYN2_0485,0.09005125842627217,-1.492970096906002,-0.7506571159445596,-0.4334377336260128,-1.6516714250780278,-0.819742363769927,0.3482763394910527,0.6185308292587752
SYN2_0486,0.41624717621552765,-0.017229345333798912,-0.36479114275769636,-0.04778849519665365,-1.2996232782625816,-0.24731552556274058,-1.2451031050129695,0.22732259155011222
SYN2_0487,0.2356280720773247,1.2177141962673166,-0.617051065468022,0.3065351719834149,0.8708824007674625,0.2823158793221891,0.45580584258764617,-0.3235750141587173
SYN2_0488,-2.1222158325265257,-1.275181652875869,0.2567678545546595,-0.9357245713261332,-0.2060068981838989,1.1065720346439438,0.0461440038651085,-0.030451502772125775
SYN2_0489,0.02569146387772108,-1.3512441756863667,-2.8678632973138742,-1.805335806754956,-0.6955116596908362,-1.7101929380637728,1.0937026744585567,-0.49919237039108133
SYN2_0490,-0.49713126021252485,0.8978297733567899,0.24500387880667013,0.21482530067481492,-1.3035101951200683,-0.293293839889018,-0.6734920193947826,0.0963796511006664
SYN2_0491,-0.6894680931371894,-0.47131983271802264,1.0415557664398423,-0.05960871175293893,0.8950411028379522,-0.7516913001068996,0.46493203648358855,-0.06357114852299904
SYN2_0492,0.7292813924363325,1.2168240669169836,0.6027532326652802,0.9497180843969062,-0.18902885190614863,1.235079322376749,-0.2505953960971536,1.8657222099033646
SYN2_0493,0.5321321791071053,1.2740363534852492,0.36171945063651006,-0.20627661141037648,0.21791304345653537,1.1378633068024937,0.8457157196970885,1.3363922675539468
SYN2_0494,-0.44281832204163385,-0.06447432745684209,0.4270146333216302,0.2604756723126822,0.030581461122074854,-0.010441064303343737,0.133754562391483,1.8943815744094408
SYN2_0495,0.7501756659079751,0.0562325288334424,0.04677327470110153,-2.2670458073133113,-1.012641620680674,0.366100785779243,-0.9371265140739524,-0.3412317877289975
SYN2_0496,-0.6272309974010115,-1.7044097745780815,0.0316472987292139,0.1509213996113221,0.7169636110389193,0.5570090172085793,0.11507686906927338,1.4030251830529368
SYN2_0497,-0.19304924334024215,-0.4682695447699047,0.07652016602350674,-0.5524562630781527,0.5521402794326747,2.3843196722955424,0.9504051266116322,0.9867225799946953
SYN2_0498,0.8279766886736162,0.9511433179252131,1.3356582889244157,1.997794575671764,0.4511834283306343,-0.5447828711622118,2.2456694052670017,-0.24295652655759548
SYN2_0499,-0.35345600832566204,-0.13317905525327556,-0.45434544598572935,-0.1593941981500056,-1.8417487994782038,-0.7740217633092631,1.1338140165184725,-0.23763511081231373
