StrainID,Copper,Ethanol,H2O2,SO2,Chitosan,TFL,Cerulenine,Protease,Sulfite_reductase,Beta_lyase,Tyrosine_Decarboxylase,Histidine_Decarboxylase,Ornithine_Decarboxylase,Beta_Glycosidase,Growth_GJM267
SYN1_0000,-0.7292593575441338,0.12243768313234363,-1.7727957923335105,0.6678636176186088,0.925737442550675,0.10781977421450947,-0.23400268470897576,0.14735043210337107,-0.1166756579146832,-0.11485157943245479,0.650505731584667,0.6921712153440581,0.17308581419655764,0.003605293833227092,1.3732204311954208
SYN1_0001,0.20480992808779006,-0.3466209297249605,-0.5821691714542506,0.31794259080809645,0.06799683860793283,-1.1908105231375035,-0.8217031662865841,0.2514979191278092,-0.04462531940639428,-0.015567235541023435,0.6124372824951714,1.877845129456768,-0.025095876511911436,1.3499054901313476,1.540382087189618
SYN1_0002,-1.1570048659253973,-0.09303760717486172,-1.1886902821095762,0.8328269174842964,1.171827440786806,1.5195144892735386,-0.27115251110379796,0.45600797649678115,-0.22954338458748605,-0.3752451984994196,0.36707108374247926,0.9243361547235257,0.5349606987531934,-0.4080655970943723,0.14638262071473568
SYN1_0003,-0.7612690661687089,1.2444291156822236,0.8530862351382347,0.9773517687260389,2.505407676789071,0.16244590086250774,2.3612780530995776,3.3999282764249323,2.8493514736260552,1.9580631683111966,0.08404664559325695,0.933079096837066,-0.1170108032458808,-0.03232124022737466,0.09710327906605162
SYN1_0004,-0.23709212668067337,0.34003132863012414,1.176408661152608,-0.06482494328148221,-0.8835238480377725,-1.171772168209918,-1.25588447698576,-1.6507438807694301,-1.3922162461795669,0.8637828677145283,-0.22110803416169944,0.15133546866568107,-1.2038045613321229,-0.21406197137431016,-0.3491017796997696
SYN1_0005,-1.6570823583479872,-1.0954813939233654,1.567397137457066,0.04766159504371741,1.1555142250177923,0.8801299325059851,0.16992804012169976,-0.5255399343736952,1.051775962569784,0.3543920475123443,1.5480757707482224,-0.12301728009857388,-0.019578971636698392,0.48129339978960417,0.925521803546205
SYN1_0006,0.41261118537436586,-0.8555598726392961,-0.9881407912760257,-0.4990716512934704,-0.9176934363168461,0.37653511694940883,0.6645368511657762,-1.4627896088336056,-2.1383603977636705,-1.8482173896598453,-0.48690333073493325,1.6839998489242456,0.23488544795246707,0.3561431041434256,-1.1570783369385176
SYN1_0007,-0.9935972938494135,-1.1848250326406984,-2.2666666972576133,-0.7961379330681557,0.6823407258355054,-0.03556780700823566,1.250608615201687,0.5460273671288379,0.24693930080643467,0.7216032496381878,0.7200985878640296,1.2960247502596078,-0.3403006309639474,-2.343456380797654,1.3617821661350282
SYN1_0008,0.1596067059642046,-0.36065815693822534,-0.24676065369270597,1.4471106666595948,-0.4408592093883831,0.6210347819953884,1.0683855362305206,0.7076852675409637,1.3667570731295458,0.202026504980964,-0.5254141230099011,0.7605087887845837,0.9939716353237009,1.7388059342224589,0.7911436532462254
SYN1_0009,0.25510786129988267,1.778447836727279,0.24113577106233441,-0.8506783792870917,-2.1694810511389098,-1.7035375807441333,0.16767320889712256,-1.2113237284601628,-0.8029598206148413,1.8484969110493603,1.4298193034804367,2.13313497172029,-0.2081558995810959,-2.4679661908756154,-2.1312816559574417
SYN1_0010,1.5319025651942249,-0.6257968773716847,-0.22910242230868375,0.1418181686733661,-0.7731499315018681,1.2386871598619646,1.8188946872999894,1.0308284466969064,0.43776919968197686,0.4817481324320511,-0.8102431811268465,-0.5090121384290844,-0.3333939646041568,-0.9251557447738343,0.8062693550595867
SYN1_0011,0.8787013167425621,-0.8695059681456392,-0.8025691150268824,-2.2979141740893225,-0.2954252534335831,0.6502342559615042,0.7869901533335087,2.6862334963156207,1.9559120195470427,-0.04320497718815345,2.453726690181907,0.009743427890208992,0.7725505124887673,1.025048930213534,1.5585032931724325
SYN1_0012,-0.8140472174160351,1.1793528050337627,0.615056260765717,0.758940414755736,-0.2877764366075126,1.1727950896462684,-0.3663779059735056,-1.6517003394345098,0.7498790017977132,0.008584637026521022,0.07277268661915705,1.77880923668214,1.8097994380218183,1.2696676415953876,-0.9660359798068577
SYN1_0013,1.0947807062582335,-0.13367811164685642,0.5341759242417873,1.2189764478609202,1.238855635368366,0.29666508720067314,-3.2531007142075756,-0.6314164971853297,-0.06249537008115362,-0.23144674990859662,0.6642347630232731,0.4690565851377009,0.3581846527957324,-1.3120769797801368,1.28589523328352
SYN1_0014,-1.3815148349702608,0.010430501144810471,-0.028940193611993088,0.14110469261230832,0.28477287054182904,0.5414734789305938,0.2250134040669291,0.17512808716985212,0.3738506540437077,1.1584236898019216,-0.04959479395538795,0.6958363200897482,0.8839415812029059,0.43411214637561274,1.0566435592964132
SYN1_0015,-0.4179051195606551,0.3553876444938832,0.7985123724280242,-0.6682182615995658,-0.11063008705843168,0.08417550430686217,-0.5554206704456891,-0.7363048713425829,-1.6290539981253958,-1.4945281537243493,-1.8821229654881937,-1.2296954671986116,-1.0733273950143893,-0.870691017497433,-0.8600908615117269
SYN1_0016,0.4113216099389464,0.1291523758258161,-0.7161329642175264,-0.8801360080758255,-1.3209651940795228,-0.5725317993027332,-0.37631878876094105,1.2123213784294327,1.9396630879032646,2.2457201405440563,2.6921761844710463,-0.1784284313092395,0.5824523712640973,0.9779381632854084,0.24337011491629534
SYN1_0017,0.5135098084489974,2.3450504181805427,2.9783368068680502,1.9589702904883806,1.4130020553814702,-0.4962345489838115,-1.163824175103434,0.17578866602091314,0.07010889410890912,-1.094749474416789,-0.45321357713194826,0.16429056892802707,0.9814620884073618,0.25721583248827495,-0.4206878108002381
SYN1_0018,-0.2163202670897556,0.08607580185736975,0.08399876821597871,-0.9990239509883563,0.4998974009336958,2.266681162372623,1.5069588465924535,-0.7569950762991435,-0.12894723198366376,-1.5794291170249857,-2.177854994700049,-0.16539498497784233,-0.015420751452270167,-0.6539483424787899,-0.11409570558027375
SYN1_0019,-1.996491741166782,-1.75434782191417,-0.5435978753944817,-0.13645595006621614,0.679744930875686,1.709075789028329,0.2832057221361587,0.45653094507650815,0.1199781304806222,-0.28577500572492087,-0.29045212516006197,0.7711351355872363,-0.7729126465565194,0.8907372257333416,1.199331803424581
SYN1_0020,1.4936271217374593,0.7283448841659109,0.37362024728476173,-1.1226642876740065,1.9037830117834094,1.622705595251847,0.7130353049338026,0.25098214693651694,0.581272070222923,-0.2653892881567972,0.1998037292729743,-0.7820708138370939,0.170790880919222,-0.5817109681902037,1.3403844294581782
SYN1_0021,0.924035574447882,0.37667120825972317,0.2680482408073527,2.80289622462313,1.8656563973929663,0.9494630424523038,0.37050752843133794,-0.785817233385631,0.766998140745352,1.9389727035653759,0.7441556241362121,1.7886043378907097,0.5489129608905764,-1.5325316901012707,0.3311153205769173
SYN1_0022,-0.5923031643311039,-1.050183958034721,-0.7016614402911343,0.3473188225277785,-0.6789319589052834,-0.24504658521780306,0.10546248233306071,-0.6149301962772205,-0.994733130333888,-0.13598572607373988,0.7827796669560375,-0.2848147074443553,-0.9012691475908757,-0.41755507156490357,-0.501879022301221
SYN1_0023,0.3311413700833143,-0.23436607973972542,-0.48161878572928785,-0.35317463196853244,-1.0844586512071026,-0.4742443492543473,-0.6535617823945624,1.0878421078101042,0.012445443537161148,0.5796327496768188,0.5734027327917964,-0.8293090164360126,-1.6160203515190545,-0.9611746195646361,-0.5811248594113516
SYN1_0024,0.6959672466043927,-0.1317250742584902,-0.7379974712726225,-2.8618761573548066,-1.3501083494875037,-0.11027324399989503,0.3712207754620391,0.4519396918371846,-0.05591584741507343,-0.0940280949272519,0.760254198795413,0.13523492328274933,-2.310027369798253,0.2475129558142739,-0.766890175483344
SYN1_0025,-1.007861103699203,1.0908170159477335,1.7952189073677747,1.346908435140191,1.4268373490042836,2.275379914026917,-0.20980787635588652,0.1131774569624562,0.33465387156178944,-0.6542637111913134,1.6507045664528721,0.03956960873609677,-0.75525028854842,0.03551831944330165,0.3992696683148691
SYN1_0026,1.0567965409606914,-0.02824595284864945,-0.6521487009941864,0.2533570065116821,-1.1846344503088932,-1.0610042722881476,-1.1017112283719985,-0.7599944073541285,-0.3470549686640168,1.7648172502591892,1.4569884378229918,0.5238011922374719,-0.054734790730671834,0.8725060316381452,0.4577070907858651
SYN1_0027,0.4666946873694819,1.1648679324205287,1.537221717340763,-0.3482754003289545,-2.190099606428225,-0.7082762957919918,-0.15884064752037497,0.15768130197460117,-0.4162027057516326,-0.22970819257466163,0.464022640036571,0.7164737421082806,1.5953786354163666,-1.563664717584072,-1.2290959254687766
SYN1_0028,-1.566887672176413,0.971526838306354,0.7743424599842321,1.0164941891972714,0.17754025232270587,-0.317468015585998,0.08136721233255413,-0.797106175144035,-1.632961728184478,-1.5030013676590055,-0.37094480938005825,0.4467978272728364,1.8153086212082654,1.0142678150510072,-0.1602937899103356
SYN1_0029,0.5098883265337407,1.9308118217597747,-0.15441426885928328,-0.898021461878016,-0.7642681328970293,-0.289104569830399,1.7273104137664508,0.2419685230655613,1.3623588699402047,0.1868739712752298,0.5431393668666765,0.8070999090654023,0.8222794455780689,1.0498066029409547,0.9743520832051146
SYN1_0030,-0.6273549399600871,1.303690878620577,1.2225617144041498,-0.1811930041849876,0.4888101121629322,-0.7670048327187539,-0.16485390731090055,-1.0729775644085344,0.3224743449970358,3.069590771682808,2.4135982014512294,1.5070003654891624,-0.3608039805363441,0.28093756068172404,-0.9875767225012702
SYN1_0031,1.207023332037091,0.5084818337344449,0.18633159261532892,-1.4444823427695839,-1.265806022587646,-2.0875654173956653,1.0212738397072345,0.7022252904850621,1.0038088265719363,0.31301114329978774,-1.2011417230034576,-0.26592521385685164,-0.7775875036687012,-1.1925093864774143,0.6985770278621556
SYN1_0032,0.10151293457729631,0.29785240265422785,-0.1641648858724566,-0.7337736870477234,-1.1291241868531845,-0.31884245535791644,0.9986565517906644,-1.0556466910817008,-0.9314008955433429,-0.3496886198355527,-0.23327411999804645,-0.6308360575260391,1.6787777013904812,0.9953266977299539,-1.0058052080853985
SYN1_0033,-0.9174960350445136,-1.9440242960863285,-0.9092561351221167,1.0469625151592397,0.6419067031515794,-1.8684473432992208,-1.858310456773297,-0.5390423415317868,0.845685123125934,0.5817407326252145,0.36337109742753837,1.1027007882103572,1.6692663151034113,-0.06934976171850096,0.504549358237802
SYN1_0034,0.47613863527818806,-0.5724450945344911,-1.2656721791967025,0.11423760813093775,-1.2335571206896925,-0.20276781282635414,0.22282925397935982,0.7673309068900559,-0.6896636509712587,0.25296966091008516,0.0008226219664307433,1.3539058707822318,-0.25793002317478103,-1.1536569391808915,-1.343644519049131
SYN1_0035,0.5370125659551801,-0.45492689399262826,-1.4228717817949281,0.350594032262319,0.6121766908040168,-2.6171233245446817,-1.7024146365754442,-1.5252413090584631,0.08254222387168089,1.5679867549803825,2.44386741891263,1.4950280173892927,-0.5610412770268131,-1.277919107044794,0.23457400048396118
SYN1_0036,-0.8855316161750586,0.30059391639972005,1.142705634170838,-1.3110934722624288,0.17291265297757633,0.9826037804881671,0.625435902172314,2.9012618909820214,1.6670410835957372,0.7762751062550585,0.8512927623282042,-0.20678487625066314,-1.2233578786000552,0.028309103035407384,-0.1578791873447692
SYN1_0037,1.1767404352160216,0.35959839291224643,0.855695830299984,-0.014501727827534347,1.6180181380893794,0.8154446936462989,0.7648272781977434,0.8653191398281872,-0.837153972338132,-0.334298604517885,1.6020125778061307,0.5874579514295377,1.6179581734235806,1.452188382697036,0.23153093428219143
SYN1_0038,-1.742209996643436,0.19799188907036752,-1.0176106479996225,-0.09508487509188833,-0.3539232053055614,-0.03904426912944165,-0.06735040627665886,0.1505780442171517,-0.28098697727644223,-1.2412785363598762,-1.3136804938583195,0.3722797871140039,1.8606191875084745,0.8923876887093188,0.8813832775838806
SYN1_0039,0.8719286191150315,1.3911347465061783,-0.8677277988002208,-1.9762256730941175,-0.6976040594481285,-1.9338007995124609,-0.8892793887537526,-1.5699526931074086,-1.0967434795243018,-0.9679701586387344,0.1791427476815702,-0.5363651284968286,-1.4000929145209344,-0.40013304494925206,-2.6938856855808275
SYN1_0040,2.9523380406281063,1.6828994323364161,-1.2928244415582224,-0.3457150422486663,2.38832843429374,1.0368517948889318,1.509506766841291,1.3999762184023348,1.694224424750591,1.751788995923539,0.8807387779724818,0.1329121428035079,-0.26063877279429937,0.05868649385570287,0.7010000992366386
SYN1_0041,0.4653574635830367,-0.8760329287231453,-0.6485417399751245,-0.23897034232589856,0.09006102300030629,-0.19472776863355615,0.6672524839866991,0.09988235991246722,-0.23350119841068248,-1.1158640168565446,-1.0584332726900347,-0.1668800855721878,0.02605987347279126,-1.972702956803135,1.2239121411731089
SYN1_0042,0.952218159943431,-0.16146079609191552,-0.9699593158344707,0.6950928000260017,1.4339469953339838,-0.10749165334363271,-0.34603189278233976,-1.1771709551300802,0.3706650627641737,1.1338162735880695,0.011547090144994906,1.2712741441552664,1.3925733325030387,0.38151942970278613,-1.3948747002753408
SYN1_0043,0.7537427484857527,-1.1292830891300845,-0.717607934306792,0.0015910333939509731,0.06598415184378342,1.9877612582321884,0.9606075328328023,0.5928035045765491,-0.9187870521835589,-0.3689500804696209,-0.8116961706247569,1.8592010153869374,0.26903519750284977,0.23800997714719502,0.9417495325423968
SYN1_0044,1.2376211928547807,1.2210440658412043,-0.9659131652888301,0.26497891866078777,0.8464243727827213,0.1831572578080183,0.48808630560440797,0.21689933259980407,-1.1144192919539306,-0.7963858032002955,-0.21992019679567607,-0.6203754328125003,0.2756645173481697,1.1109626919764084,0.1524614963935842
SYN1_0045,0.31495865741005513,-0.07978372021059889,1.1029982602653092,0.5375090589116209,0.6077430263363679,-0.43873059060700137,-0.3342778012610486,0.6995153993160325,1.0202222986337603,0.3337780255805236,0.15048436372362103,0.22817503714581605,-0.8948290135559469,-0.4588207708183013,0.07998443077964898
SYN1_0046,-0.4535940770658112,-1.3099251278057469,-0.40345263411443916,-0.24645639690059817,-1.40404913682212,-1.15695814409059,-0.4600949705006454,-2.6196045524608853,-0.7557405443959575,0.12084047978077535,0.6649862509070995,-0.318763336413002,-1.5943231086328913,0.1051339320379107,-2.695977670727779
SYN1_0047,-1.2989358129370516,0.20057069033452793,-0.6440991603196066,-1.1179076108248263,-0.05510622206253923,1.0849946159275623,0.2356863566831508,-0.16144024556855086,-1.5361701459711363,0.3734669198966294,0.22304146131642996,-0.17724029099376246,1.226402439588758,-1.0988533911687868,1.4633651244494412
SYN1_0048,-0.44678931527438887,0.0019786886646788997,-0.36741146719025025,-2.3115634596999164,-0.440374999276047,-0.11716998687628397,0.8768858864483827,1.9756226931349956,0.6521520643985077,0.7424580295442197,0.5126546382174075,0.32821155047742573,-0.04298213712476621,0.39548704726800143,1.309539427702989
SYN1_0049,1.1518113518836464,-0.22764614508845496,1.5393593941471118,1.0249355309214603,0.7384147019406565,-1.7733229661276968,-0.5999965666414787,-1.0515054732594316,0.19870267711520215,1.1197911791836415,1.4610665826041247,0.35241265753746465,0.030913867209388088,0.4705176316567454,-0.27361712730684673
SYN1_0050,-2.006889113236049,-0.9716555484496993,-0.9175732622238674,0.17528733213683284,-0.2944754338147441,0.6517558460553139,0.05690739437032254,0.7077315371314533,2.374590767999957,2.479229447713609,1.7347367038095853,1.6483100211949762,0.23769172289441387,-0.6500456731583437,-0.27755796971438373
SYN1_0051,-0.7809678575590785,0.06165347518502897,1.2503379738890017,-0.19636139402304953,0.44805013829578866,-0.942550804505614,-1.4009561365243373,0.23049835714201758,-0.4690403575432735,-0.7066963897880327,1.5997067161247913,0.6163504279302466,0.16362319201355321,-0.14175433872023854,1.2470061085460102
SYN1_0052,0.45390845684990094,-0.34544173740429307,-0.16533734833678043,0.9522713222876072,0.12002786442159222,-2.105510000893769,-1.2905573730820725,0.19131850660161123,1.172446518274798,0.9110964035943765,1.6446102078280218,-0.3826323821291931,1.1169745355099763,0.616456547411466,2.3395168013500705
SYN1_0053,0.7090796564442949,-2.2807060311765666,-0.060706908274098775,0.2153312119401123,1.9650297619752213,0.9095876660075726,-0.556261549401497,-0.8916203717793869,0.10489772784192454,0.47152418899562026,-0.3910019428343851,-1.1210488831470937,1.0712034344155306,0.1586185772431573,-1.1974536177591677
SYN1_0054,-0.019820703148638187,-0.35137788835002326,1.0439133178271198,1.4029860724316627,-0.3799806913461314,-0.1392705579589224,-0.8651537639947922,1.2466540431368678,0.9531157818333155,0.22113868155877192,-0.2040557182278629,0.42005942298841414,-0.1165085416823648,1.5105130572657934,-0.009921283727029568
SYN1_0055,-0.8595518694080851,-1.3135131811889162,0.7318493673281322,-0.1032309516743142,1.3847857672238568,1.3530503977600699,-0.7515425225947583,-0.7925251792428734,-0.18387910604610858,-0.13400891965246833,0.2621461694568779,-0.4755089779568682,-0.30016079400614953,0.9142358094593747,-0.37180513241161917
SYN1_0056,1.3522795339600542,-0.10003220114803386,-0.34423664010309024,-0.21024637671314725,-1.2826481932237057,0.4935670774324587,0.6832061320423396,0.6321915524023255,0.2120403818542986,1.0437913329144772,1.2647032686325401,1.4978134200996636,0.37776349577988483,0.5021957966363134,-0.5946734453949198
SYN1_0057,-0.33338571716363646,-0.2659274726253386,0.6960550947831369,0.31867083040751154,0.04624037826746503,0.6378166756917145,0.8224630714854521,-0.3971687973536425,-0.6721328435207303,0.5736689148727587,0.7055324313149628,0.04846180987561242,1.1998483299443725,0.3400881016905121,1.6465919694067124
SYN1_0058,-1.8436760759781992,-1.2540019817020025,-1.854117847733554,0.41260150186725203,0.7059045107400771,0.4138930329987357,-1.930316902056453,-1.9113233912816705,-0.7929505417582904,-1.8337645281772075,0.2727423672352291,-0.005400502015961353,-0.17703729406479646,-0.09396058318945658,-1.8559001784208395
SYN1_0059,-0.8829994208087417,-1.1416153984138782,-2.1992556787541133,-0.7255050213213606,0.19490691380141537,-0.09190020197039278,-0.2751685850473003,-0.914554699287821,-0.045793849499758114,-2.199643736521377,-1.7239564245817458,-1.212640076860891,-1.0145677869939986,-0.1019748199821226,-0.4337953159415974
SYN1_0060,-0.14111668728741575,0.25364944521101185,1.1091998003668049,1.6584890813148225,1.2976246717554514,1.6655406647402524,2.125106638543412,0.9789153010208311,-0.8362832142607829,0.7920476446187316,-0.6129642860975111,1.4830679259192976,2.291327395517166,0.29877107509813294,0.5401448241272626
SYN1_0061,-1.0295004640123462,-0.8604507405242307,-0.4487821923358536,1.0290505300910158,-0.7198845002579315,0.6342061504768244,-1.6332897386438803,0.4542282049388155,0.18859266067845173,0.3993710124934861,0.06795247305981957,0.8736762044706852,0.6843616687338253,1.9267254649139771,1.2735113586698845
SYN1_0062,-1.6918098930482426,-1.3022357746696198,-1.754044511219193,0.06003784456999686,-1.5040626814946432,1.8039072409549357,0.7021354785462699,1.228804770145292,-0.34535643070945427,0.20272664674337892,0.6700870464916474,-0.4186357335812206,-0.42278864447390896,1.420643305665445,0.28056321690657055
SYN1_0063,1.2871487815534175,1.1656741429527246,2.0707314737303535,-1.010612141811331,-0.018729075874946155,-0.2985348269248605,1.1861286205487556,1.2934774391659347,1.6363472045593503,0.16831878272567777,0.6010840961097623,1.19253002925623,1.7456409946155673,-0.2897336080110002,0.11057044034477537
SYN1_0064,-0.6216752635064476,0.16546284904134909,1.2142526465053451,1.0140654499734334,1.7524442959118864,-1.1506468246236683,-0.6235716420905147,0.18364831549411734,0.38943596752309845,-1.5108569421164908,0.5274580029958431,0.494076076877195,-0.31113680824610207,1.104048202945589,-1.0624751113227238
SYN1_0065,-1.6458084615335333,-0.9149361432902025,0.3901711174820187,0.5032873312807375,0.046531247694738036,-0.06488447847393608,-0.22206787013920062,0.6261091099106861,0.031932927578431095,0.7960911516390072,-1.6113369869406329,0.5547686465332363,2.6574848641710545,1.4273483092044275,1.260212763888355
SYN1_0066,-0.037451257963977726,-0.35934045711649065,0.41025914658796675,-0.41959454400354596,-0.8553872334784485,-2.2074902651545862,-0.5196252272742482,-0.447712449193697,-0.3140806693042683,0.025687593393273443,-0.6093459866283397,-0.04839051843124457,-1.142430909968613,-0.47424089108556006,0.8928433887370402
SYN1_0067,-0.2282650129067458,-1.5326602356282504,-1.710322746773333,-1.112009477591562,-0.8659291318254997,0.006064335061463952,-0.35192485059305895,-0.19060126206324368,-0.37462357323413176,-2.450304878895679,-0.9106073495596231,-1.0961798009283736,-0.6163848419898166,-0.936640856473945,-1.5052901969165324
SYN1_0068,0.6892141613569002,0.36239868644330125,0.6602361170580872,0.9655095777108501,-0.10855393599592905,0.7816933021446679,0.4791830560716575,-0.7659283636361313,-0.3252199838386591,0.11305009806733046,1.2308228684811726,0.10509170086829726,1.6015647887718525,1.3339701093583776,0.701583828334939
SYN1_0069,-2.0227411796924453,-1.5440433080990639,-0.08972122054733993,-1.324829032287945,0.04161474962402908,1.3598499768336412,0.2288615410821512,1.2298214858944108,1.7536922634445493,0.7234188812637958,0.24403981004621525,0.24468318470943118,0.5153054217460646,-1.3313730563866761,1.0450263063665113
SYN1_0070,-0.09462165811217686,-1.4516391340332686,-0.9001948504292407,-0.48941594253676246,-1.8286465340562006,-1.7373512739391648,-0.9355368910541983,1.4814117977406356,-0.6344640807714034,0.029945768504416003,-0.7776478906061218,-0.6220701640704539,0.7268223708042282,0.5827985183599959,-0.18364591700439822
SYN1_0071,0.4641282263067743,0.7849828062326174,0.6821835675417043,-1.6937631072721095,-0.17912538764797953,-0.0783846728202749,0.3396192165996482,0.7847255495899842,0.7520287145788578,1.0687503172522428,-0.6810840601056926,0.16490533545759747,-0.07681296127313211,-0.08256629002458567,0.11852003925314092
SYN1_0072,1.320182723458581,0.17221875533125683,-0.6453991431266307,-1.3914953435454072,-0.7151696281922774,0.811092677628813,-1.2128124453020614,-0.21873336822845454,-2.3315893054683703,-1.3574665712301093,-0.027970900211026405,-0.5093694918067327,-1.4446127110381872,-0.8265738023837125,-0.9622697693477016
SYN1_0073,1.015666857440467,1.9278074435865975,1.9118821562331356,1.3152423797909645,0.8994658169102614,1.2852389733705558,-0.5934600114659223,-1.0437151433530372,0.8588464253886998,1.2647387555192,1.2584916536710877,0.63687331836558,-0.6188892334879964,-1.247172550909096,-0.0019337701686804162
SYN1_0074,0.965673963926103,1.5246100995059664,-0.6013176950164614,-0.855793826912092,-0.3359805407142173,0.7589279712018262,-0.03938499467233384,-0.7630018110921458,0.6878929615990075,0.9572052715940715,-0.2819474631025865,-0.7088234564409408,0.8196180413484435,-0.9549030494140486,-0.944068591617918
SYN1_0075,-0.23948366014563863,0.4949921563001373,0.21351216889632318,0.94277473295928,-1.202790483612291,-0.33358863507572023,0.16687238949203323,0.3042021098204904,0.7169302133195281,-0.7052310958175366,1.1147694133441832,0.7991288248649498,0.8472228146538673,-0.25122818807504277,-1.7081635902414065
SYN1_0076,0.22422851980525155,1.4913549108563788,0.3858199617302613,0.3380639319481953,0.4997219142418328,-1.2830903634263704,-0.5794671244696364,0.36179520264404874,-0.23747639917954771,0.015635287800381648,0.005478189145586409,-1.4508745009864479,0.2226981578003915,-1.2304985752863786,0.4560683628623855
SYN1_0077,0.46108267942800507,0.19785426060446337,-0.34281773747890176,-0.03433216446188421,0.7778824786710513,1.083563150362714,-0.010148216030644518,-0.1737481655537118,-0.7811286420032005,-1.5272474680352497,0.3846687694169521,-0.876342557576863,-1.1140402366310473,0.023381919840678594,-2.0940966949506103
SYN1_0078,-1.2722200852355903,0.15287112192740931,-0.8118882169129003,-1.2894344913712517,-0.9482676060529504,-1.0529146534756413,-0.1349055710909235,1.1190507259415323,1.1160310832315312,0.9867878226965433,-0.19969116316039426,-0.2972235650931354,-0.05156498913078233,-0.06349232621379018,-1.1306135608310075
SYN1_0079,0.16925234875229087,-0.9316995247002184,1.1571205298582328,-0.810349079977811,-0.39720461293660503,0.6561378016193437,-0.47556007700949077,0.660505136758479,-1.0100124748448394,-0.972624615167443,-2.4937011742633217,0.022347538498969133,-1.2811131205052615,-1.1414493785805826,-1.2585720631816115
SYN1_0080,0.7443975979799707,0.6968807486722323,1.0422834013397846,0.9253748080286434,1.203834319159192,-0.02769629751693288,-0.13127723788799275,0.49603207978438035,0.8942745447505392,1.303638307552101,-0.28732988489344763,-1.16763378688344,-1.8162945353671023,-1.1186627958302209,-0.48409103614845667
SYN1_0081,-0.1132221658692159,-1.065520654542127,-0.6819314265156621,0.3010558635535383,1.064066796568178,-0.17757448996754818,0.4022172161088406,-1.0286205877287926,-0.9817992083970327,-0.1730600222066575,-0.6773881485493568,-1.014526876036896,-0.21553161853274017,-1.0847056433920794,-0.07407825389690335
SYN1_0082,0.09335777961679592,0.030439705478551765,0.3105343953028229,0.7601700669857088,0.4189770361120511,-0.316176353174383,0.7483172497586332,0.32473324831481787,-0.6707304529432183,-0.0004173152524470942,-0.5913124324723232,-2.5855670813667198,-2.0697499194747655,-1.1158227008084038,-0.8620403484702909
SYN1_0083,-0.46632740399291944,-1.5208554081659578,-0.9878620401697517,0.0048065596156728774,-1.0680399187548808,-0.1276705745144641,-1.9125483208686287,-0.2912824817662355,-0.6189245715053884,-1.4172099685790474,0.5039280190644471,0.5327752124205749,1.067967908619643,0.6304303220889135,0.4356560699528449
SYN1_0084,0.3188993923997272,-0.15419887792816,0.1649105770313609,-0.05602245217165902,-0.6176475757331018,-0.39037509477633014,-1.328755416651272,-0.5505020636026658,0.19961800419803602,0.26360804489928397,0.5713842429824781,-0.15603590074187532,-0.13023770383566807,-0.058905354873071775,0.9380458035187674
SYN1_0085,1.857560156157863,-0.4623388503866638,1.493388326552898,-0.1723246006664943,-0.3727038204398538,0.1245494893189868,0.5049348427077506,0.05185733129763405,0.22977455005438002,1.4701501138583808,2.8266482873391077,1.2924500532767105,1.1018411128789216,0.2408815553897728,1.4981642835260813
SYN1_0086,1.5934928495696208,0.5618519266906637,0.4831583595794498,-0.8031980231239376,-2.782796925874718,1.1365991730569671,1.2848644215439142,1.1019824734445267,-0.4118508517859763,-1.5982547824294695,-0.7830315599860906,-0.2316554196751052,0.5401691283466782,0.16249197120518755,-1.6737048422002407
SYN1_0087,1.2274501924580075,0.8643383038386341,0.41001392038767936,1.1562008092248661,-0.18620159732343203,0.2949580341581838,-0.4385502381100321,-0.7902417409686242,1.0872117700675794,1.5031961194049925,0.9682434543272807,1.4627624864330415,0.8525455796348294,1.5813953659410447,0.8479788876945479
SYN1_0088,-0.8291065468980745,-0.33028063502139554,0.07867846029407029,-0.9000267127850154,-0.9380460608446145,-1.4499134710179347,0.07090875271446007,-0.4402953900621008,0.0994625459101457,0.61821400696906,0.04757723853901096,-0.017439428393552604,0.04740166730606136,0.4075883017492431,1.4925085273353147
SYN1_0089,1.2935830817565572,-0.44774354453412724,-0.21821756388751792,-1.1703358588424224,0.9530446383174045,-1.335963948599087,-0.3415070122062457,-0.5339007755741787,-0.6971467578059976,0.5073937247363441,0.6330863793169198,-0.6962294248448215,0.1093743199207965,0.29367413649858526,1.7580654697069646
SYN1_0090,-0.7240429852676599,-1.504969008922502,0.0493106228055904,0.6145108283069552,0.7328382047863676,-0.22074695021529128,0.9557868833358747,3.0918492607193038,1.3408265837093722,1.0674783083593935,-0.40147123295386533,-0.931603119902911,1.3007318826272578,2.6210141536469727,-0.3172814834862792
SYN1_0091,-0.25521845053942394,-0.6054311098550371,-1.1871745175257595,-0.9996205399165369,-0.3075165642122062,-1.2543136294500177,-1.109384943657929,0.33089979585357093,-0.023008817184713627,-0.6744016918554284,-1.3350717281419666,0.4225917968637516,-1.0010858033494554,-0.5336530454985183,-0.5214832731198831
SYN1_0092,0.9371067891796084,0.9197055015104726,0.39288433217752244,0.35804512129892474,-0.7657917722074694,-0.9419522502583323,-0.7984091958021647,-2.7675098429447287,-1.436064912527906,-0.5516310573177502,-0.3080749675733847,-0.30272179103543456,-0.026002509685272047,0.20271010277843515,-1.1758193130933334
SYN1_0093,1.556772230481456,0.78572700516763,0.8557947899775279,-0.28166809563351003,0.20512752313351015,0.3286256731868654,-0.15097224793644873,-1.5774266626116487,-1.8218916700463026,-0.16372013550301065,-0.13815276473579935,-0.34450346689519906,-0.9187261030171807,-0.26432597139456093,0.6187357879298907
SYN1_0094,0.5384533224715636,2.032734741479844,0.5113394645835623,-0.008822977437197302,0.27252346198935945,1.1790447338454368,2.42103971516782,1.1885897781511774,-0.8367946145329184,-0.18573036330628176,-1.1137188871106214,-1.3195108125916877,1.2387588370937914,0.06437153848985464,1.2238582844082486
SYN1_0095,-0.6935442136343271,1.1565031797739511,0.3210686181403052,-0.9206985353884909,-0.24055099312010028,-1.3459763762056505,-1.245840447665533,-0.31186404593426736,-2.4055107605503405,-0.08229830742138917,0.20739390690807044,0.8079741808158045,-0.13965288339477028,0.3710122325955747,1.0183316354520051
SYN1_0096,-0.9421070236614456,-1.0707078612779684,-0.3885982516059834,-0.10667773746696788,0.00661581282574444,1.2964874560246584,0.1841165647182064,0.3896030113276062,0.5171500148434056,0.4599350618932707,0.5445895212140583,-1.4172300036491672,-1.1588221447673641,0.7012585752465644,0.30513709685489837
SYN1_0097,-0.2582320575262808,0.7037156323429248,0.5436373131120985,-2.5555066060152125,-2.120947668037208,-1.299014716830064,-1.0573767842734658,-0.773377375337213,-0.6348349106889123,-0.8786927712340749,-0.894185227174364,-2.1246147893173744,1.087868469234985,1.747430449843764,-1.1427264642104884
SYN1_0098,0.8812844671692832,0.3739366188891891,-0.819389619558282,1.922617283492003,-0.13743174705927302,1.3190797949210347,0.7099127341903786,-0.5883813503269163,-0.9236483834958433,-0.6170570015782801,-0.774875870576507,-1.5973500157573868,-0.24707217975474266,-0.9883885039504612,-0.16565966290431827
SYN1_0099,0.766433975436715,0.23866355107374154,0.08184967726713742,0.13332472688825586,-0.2710080014867263,-0.1482109260708886,0.0885580824575042,1.919525969665801,-0.4022213416605985,-0.6991061692264499,-0.5891432800755031,-1.3949123784838675,-1.955722444801881,-2.2054172461144983,-0.7774452098568106
SYN1_0100,-0.05478548782162452,-0.4117269259551181,-0.13306677310637216,-1.362712109790465,-1.3210329705326453,0.40494183186744187,0.7704252910041447,-1.1407762540926294,0.34187483125752255,-0.31162218887526516,-1.1453136901662857,0.20072720908148683,0.8928350561609186,-2.188784276499789,0.18398376348984083
SYN1_0101,0.8255382813545274,-0.08380852358116896,-0.6714299024429483,-0.6203403634534063,0.7844617904074092,1.4167656466212113,0.705707734211812,0.7734025095612658,2.221404254581309,0.8256780084087064,-0.7179326932663219,0.12064729270986109,0.6172479677640101,-0.023657713354548453,0.7595897967156928
SYN1_0102,-0.24621991598026705,1.9866831044586593,0.23747901655387613,-0.7948033909932819,-2.8583739939870765,-0.25369691643077374,0.9724805533495798,-0.7821723136867743,0.2160817314709503,-0.19435607252386608,-0.06387742268863228,-0.6539866864785231,-0.38944167135044505,0.6571937809852547,-1.8944781505028605
SYN1_0103,-0.53979713003822,-0.7581087506998403,-1.3455417636786278,0.4912601091969037,-0.617733576765258,0.3461950274743086,-1.0660288859825133,-2.2480102913542765,-1.3755106615722803,-0.21643998080241286,0.8684585644269596,0.9457340123744129,0.5745889850736593,-2.311356609264381,0.889016117889459
SYN1_0104,0.43414434329314366,-1.154318367017448,-1.1935427540372272,1.146097447881971,1.365101839514061,-0.5456983091431176,-0.5575662732948468,0.3794583878355663,0.010536141261032183,-0.13236192356018397,-1.1096223914320213,0.02570295085754279,0.5802186475786626,-0.6313671322501212,0.623901246420523
SYN1_0105,-2.0053382728303437,1.065698583630669,-0.44017166495669935,0.1835064164109279,-0.7329662076284177,-0.9431734676619847,0.48503994729995875,-0.19592114366341293,0.6413914344819667,1.0625648061019686,-0.13985517615065127,0.15316542612483416,0.7459217143063279,1.4420979512075975,-0.10117907670291576
SYN1_0106,-0.27467429155566275,0.01069071545942626,-0.997923009715784,0.3278831264283044,0.23557419736122495,-1.1446983683855614,-0.7413529745242383,-0.41883997525350114,-0.6751397697282763,-0.8344961048442259,-1.7916842683372896,-0.5921945821563736,-0.7398674833729975,0.6273038070821116,-0.20165256726318392
SYN1_0107,-0.1031573876979316,0.8606604423123291,-0.9306092525754214,-0.004301872340092943,0.7157989416845298,0.950351521057745,0.043537832900753325,-0.7988051007731182,1.25235612689996,0.3727363890639478,-0.9677418716503197,-0.5721776694305635,0.04362749464738817,-0.6898180227592671,0.6173500602200358
SYN1_0108,0.41594198691194406,1.1192717517809163,0.20852647298684585,0.9857418981233887,0.30042497759617265,-0.2935497644535073,1.30290410117748,0.9047599639903174,0.4952210285438424,-1.3989758527729599,-1.721356098057527,-2.149695157299603,-0.9289636120937484,-0.3403181252813589,-1.0845416718766692
SYN1_0109,0.4273162222580372,1.2588682508396594,-1.0726323946044003,-1.5875791868038596,-1.3951728048860952,-0.016520964221270217,0.2401860855654201,-0.8457921478988274,-0.9133578649889544,0.14575697252988662,0.11843970908224281,0.9374533588343998,-0.5125634655492421,-0.3065292064852978,-0.48821799150390033
SYN1_0110,-0.944832052062607,0.8722448323702393,1.0903917342158551,0.8246109157590777,1.274751279021717,1.7507510184662898,1.8827034292297045,1.9954633570289502,0.1635847715793206,-0.5651015934596644,1.0002341827345416,-0.05192567875705725,-1.8395439314419761,-1.051604002069715,-0.17565299128776063
SYN1_0111,1.0361678661795715,0.08865017753202273,0.6113954677925213,0.5119421776501817,-1.0120927313453347,0.1301297319337804,0.060036278951802496,-0.4752783231738014,-1.4176921278497527,1.1393027276545293,-0.419761814619036,-2.0168902095574097,0.02879331868381403,-0.4030577488402777,0.4022979158488539
SYN1_0112,1.2024670282737697,0.4890937492189766,0.04707377476830368,0.5699265043996831,0.3919448854789911,0.29778894060588684,1.0770908413215348,-0.4400758680953277,0.4113107845411855,0.560590643800771,-1.248217987817885,0.568173861242915,0.9658111819330993,1.8708271643431094,0.5939442406185
SYN1_0113,-0.37950019306096106,-1.0119197154410235,2.3274217721381536,-0.07799828524724466,-0.7050714995727095,0.33431279606209124,-0.2656464665551555,0.22759850845666363,-1.0544619598897018,-1.8494426710335832,-1.0956243342690006,0.22592906161680662,0.024085967409227305,1.2147227663043523,-0.3265155286695572
SYN1_0114,-0.2097138295968357,0.2596540162088973,-0.8331163794392772,-1.589583096303245,-1.6574905646880993,-1.2428003941520358,1.349474434299161,-0.6710734996556468,-0.9899716372168333,1.0806270159612017,-0.21372963563382485,0.4565447482596479,-2.1584545198679885,-1.664234754891783,-0.4416852409777635
SYN1_0115,0.5470121397300286,-1.2442951714742423,-0.3584337433606773,-0.07042948333779346,-0.48547771052312794,-0.36097964222763296,0.517140139784757,0.09179332313911978,1.0051677548928901,1.2421481831638475,1.853622120253839,0.25130096574165994,0.23452730852801174,-0.9345572799167401,0.2128522286748146
SYN1_0116,0.6485993796750447,-0.28243521134288596,0.35607479729100255,-0.10592626274269831,-0.13023760535260492,0.22557475726428183,-0.5840615087588371,-0.7914822897111257,-0.8041667642266639,-0.6685536248024043,0.3659333901397477,-0.24160484628270903,-0.7139524837524849,0.5837540943897913,-0.7358216230729203
SYN1_0117,0.7115253408853262,0.2541077723579117,2.194057998337259,-0.16373187840280898,1.5253285482687962,0.8107309338025309,1.1711312355538135,0.08696643579863625,1.1599687448357987,-0.38697072864943516,0.614322993792633,0.43119967606554926,1.0327601784574874,-0.11130316841986586,0.2510417248258618
SYN1_0118,0.44532578293229813,-0.4332127675907819,-0.5836019398681069,-0.417266113709159,-0.6658391687290892,-0.6348173100163506,-1.3146837754964975,-0.5815545589798478,1.1647096005450188,3.239461860395004,0.3465718664619118,-0.5901701681291743,0.06710943842570977,0.5320113250173603,-0.40188920114409915
SYN1_0119,-1.2277456476366881,-2.4612248359447326,-0.7035908217434584,0.9775188991352841,1.7703796841369714,0.6511998963386381,1.4676194160778828,0.3000579311547885,-1.1003382562630841,-0.39241150637465905,0.8353973217117083,0.39643630434378485,-0.4584255653510721,-0.08283736275993131,1.0895458132993336
SYN1_0120,0.3677221542469302,0.4125099021420234,0.3034110634988934,0.4667101600544425,1.251590285393797,0.6062531657315026,0.07157434706901153,0.2875384333227587,0.7166129065389683,-1.256003835611754,0.648449861308199,1.7660191195870176,0.6733909513216771,0.8575164693114834,-1.1246885849819883
SYN1_0121,-0.6812652050626693,0.5409284502310208,-0.6922421372308399,-0.05898318581480642,0.5945228481199631,-0.4690901961496422,-1.1471635802974736,-0.7039162128458197,-0.7165695619379109,-0.4292023278164036,-1.1254715619120612,0.5855978172707983,-0.08268613506037117,0.43005934376880306,0.11127172326029083
SYN1_0122,-1.5501626613606414,-0.9575138205478229,1.0124055087197321,-0.41916340552597775,0.1856507605172826,2.0591177458790972,0.6984528028651197,1.46020490525021,-0.1988672960071155,-0.3904189770542335,-0.16322568917154234,-0.5652560616341439,0.09029943820435253,-1.6986990925066927,-0.07326240916200978
SYN1_0123,-0.9988329183487362,1.0231305381733886,0.34264970443291715,0.5792147992006148,1.8743738646346961,-0.925376605987713,-2.990870151682202,0.4683938673995717,-1.0151424731357654,-0.1623152124622166,-1.5266733378937856,-2.894958018700833,-1.2477974879260219,0.04327824412572516,-2.0968532842720427
SYN1_0124,-0.7804972109247047,-2.5343644932478884,-0.6959758329077637,1.479776280927943,-1.0475647900676488,0.388543965386378,0.36584300417399457,-1.493287167145948,0.405401807061283,0.4384178244831244,0.025353262044384747,1.1477941373638358,0.42211934186690825,1.4102846767238293,-1.1959911893183275
SYN1_0125,2.5891497049365246,1.271283208361773,0.7062274643349508,-0.25940132786651937,1.423780244323977,-0.6013127084348031,-0.6612713771364073,-0.3024086526196599,-0.21001554013861587,-0.6109407195068844,0.6267297636911732,-0.07161567484842642,-2.2374397026739294,0.41054870327986964,-0.06838547117490523
SYN1_0126,1.74163968700202,0.2581406381851288,1.2119001255624147,-0.032350067720744884,-0.8796923847124867,-1.0952421579182567,1.1081978317436083,1.4850607226699661,1.2747221646051696,-0.3560586800049609,0.641791156516811,-0.776129949939714,0.3027728925885213,-0.40591739939396615,0.05734791008037953
SYN1_0127,-0.5103635541553471,-0.517772563154008,-2.1473636828726463,-2.319541988247653,-0.9172094414839359,-1.2498509593803937,0.3244283404272608,1.064888989889788,-0.9515172828457097,-1.6327018042459318,-0.6770332823958095,1.5360573435640401,-0.2351349326458335,0.4357086218238593,-0.7271407870399182
SYN1_0128,-1.5767386818412727,-1.2726782949314899,-0.10232832341232738,-0.24320623927014512,0.4448201103793256,0.3130730898305892,0.08565685817953081,-0.05038899923571102,1.2904745886277118,0.5258016169272071,0.9742634557557933,0.0678745475747157,0.06262279817609044,-1.034996336201145,1.6515385245296779
SYN1_0129,-2.0351691593917,-1.002093720686586,-0.3791333240135343,-0.5718402025807453,0.34652385917652606,-0.5963304776217802,-1.4776520198942749,-1.7939748723133317,-0.048334231541679665,-0.7024777991027208,-0.2430071431590003,-1.4300796642961355,-1.5158451161945463,-0.5656184025601616,-1.3440845988553975
SYN1_0130,1.0440447367273833,-0.5326000546923931,-1.6512608897975385,-0.6288357867568857,-0.0776141439986493,-0.43573927373934745,0.8888847420861598,-1.252191646215416,-1.2293561525366519,-0.37708052932824704,-0.9717119744418596,-0.11215658701977264,-0.1496478812165509,-0.3472535092169532,0.5777973553471876
SYN1_0131,2.328961865707232,-0.014894884258639185,-0.41628637791490614,0.24960580908490043,-0.6239673353184512,-0.10097106072707612,0.6697584999832904,0.3027690461918596,0.7943983665217154,-0.002890546651558816,-0.28368175330248596,1.5810676679995637,0.9814068732795106,1.2387260239966682,1.8565622114503333
SYN1_0132,-0.6692048070911792,-0.361966819563795,0.7587956554625996,0.3055600130855559,-1.0648136978528053,-1.2088529637688072,-0.5282703101689192,1.053974858304662,0.8945059397632984,-0.3278005386752114,-0.16324277613386523,-0.07030106487057933,-1.8240240335750613,-0.6946293629223275,-0.09565983286472787
SYN1_0133,-0.3638238481704242,-0.17989927253239837,-1.0321980194579177,-0.05913265984690614,-0.4030841486657804,-0.8569337018102797,1.3222040035311702,0.0305830366581033,-1.2289019172938347,0.7907207526588146,1.5284778455940022,-0.4167244996685999,-0.6987698534237003,-0.4533335828811222,-1.156916887165538
SYN1_0134,-0.41490448796100937,-1.3615859483303272,-1.59788759877729,1.3376277956111622,-0.0822550544284711,-0.5286601016884767,0.45789484958241805,-0.34956512162064185,-0.7444204663679141,-1.193813914838549,0.0429867799540438,0.12345864908061663,1.0729276908418957,-0.103946915074607,0.5474095977218709
SYN1_0135,1.2448862146773134,0.6740632553602037,-0.4251688917753354,0.21955044389930242,0.41108469156332456,0.38655076707596736,-0.6063335536250676,-0.38098959291046214,-0.32278590435917986,0.6458271591534073,1.353491025671858,1.158129216533221,1.0977702453696094,1.4171720475085787,1.2942064195236065
SYN1_0136,1.180295716496559,0.14537626356578187,-1.1722085307104178,-0.3080219434641981,1.3246185437276095,-0.7167244705857151,-1.1583834202243226,-0.4220322707947201,-0.662130303241203,0.7751393019967395,0.29821452146783456,0.8029807389901285,0.5121769207519409,0.5340012467918449,0.9099038875918266
SYN1_0137,-1.1746203761453609,-0.9385413873499926,-2.25366025234876,-1.5275550679507965,-1.070552218375927,-0.05127745507776947,-1.1032001037750325,1.0440883916794375,1.5241841511089258,-0.3361741984350209,-1.8295488741076702,-2.1751282903364406,-0.6298144557667095,-1.4719778616524042,-1.3454601911422617
SYN1_0138,-0.3035295194262256,0.5145604055472253,0.3644909537772196,0.7592127719847568,-0.931242750669676,0.29344503744027933,0.6703756483341273,0.9342078915793208,1.126253251440964,-0.7190730090992277,-2.504708429582605,-0.6055934678133813,1.2899045459037253,-0.35180648701155576,-0.913824282550335
SYN1_0139,-0.7776183668088562,-0.014603187661978963,0.8166660872939641,0.9234388598759337,-0.7642706910285911,-0.6577337123233093,-0.7707117112215814,0.1495868631029878,0.7691154396234384,-0.4699384322593393,-0.9211750328279724,-0.1164541601105581,-0.35166999366865465,-0.9034071154919393,0.4873338885131788
SYN1_0140,-0.44828610073973096,0.5140084454755516,-0.2950928300346241,-0.23574062472927776,-0.7965129261595724,0.2922822933211267,-0.40402565554598624,0.013072653277217065,0.18551324418818543,-0.2087538243083071,-0.8521672236934346,-0.422722401147886,-0.5570801837222227,0.7875260912643354,0.831449555330137
SYN1_0141,-0.8324597968176256,0.5246206708788863,1.1212378994005936,0.9718533465557022,1.0933655323883775,0.16055529256474915,0.4319431628527427,0.4640874068269282,-1.2589926382118388,-0.6542341661471067,-1.3253676370398728,-2.2021331714433856,-0.9332538166233385,0.11806094465190838,-0.2716881657939382
SYN1_0142,-0.6267175207324079,0.39882920831708707,0.5298404762749351,0.28201944656360695,-0.3064976959028315,0.5679338828897696,1.7721390141670994,-1.185651467088245,0.28033490615268036,-0.8605631360453923,0.5065401783859429,1.0747296484613247,-0.02908594174822456,-0.41093326071964514,-1.3597583977563927
SYN1_0143,0.02599694437525115,0.27872435600013373,-0.19093185018213224,0.9898725873877636,-1.0504506546106203,-0.764773373686202,0.3345934517718519,-0.1642364340930961,-0.21790867062942185,-0.22374651522723674,0.825326068428889,0.9176348319049464,-1.0176249826785773,-1.4404063809930445,0.18038890896854484
SYN1_0144,-0.3589009326787228,-0.10103149103061888,0.683749622116556,0.15947649746942988,1.3878500144424701,2.2689185713301945,-0.0017382501769374168,0.11234096340185504,1.0616607151998068,0.7507899263657938,0.6027980890640715,-0.20947904722409483,-0.6642280938019411,0.010801382067236253,1.4144388441755045
SYN1_0145,1.0292175958638372,-0.4542860944530714,-0.3748846524487632,1.5341439013765397,0.461607221467755,0.38474884184617153,0.8672450288173876,0.7458521150099808,0.22361008748292632,0.02729166195238193,1.447056039683001,-0.3529754853281528,-1.524556825371857,0.6204310078683587,0.8387979204443672
SYN1_0146,1.2973314601303256,-0.2695324755676358,0.6198330389465831,0.5923295838126238,0.21033390090416024,0.2620749551303764,1.7848923148243092,1.2126153253201821,1.1091497884977861,1.0765457302809647,-0.11287843381626761,-0.2971445799415955,-0.24715044380198045,-0.8793015387103098,2.304361911917788
SYN1_0147,0.6087147385807509,1.5022319220362141,0.35787637204783856,-0.5500884160469384,-0.8328008573707767,1.3005285471574133,-0.03608452875273059,-1.0351617872790713,-1.642975516692621,-0.8592345616884292,0.8936388043387267,1.4922786326383548,1.192814157937644,-0.2485132409017218,-1.1277807755682003
SYN1_0148,0.9011127077195549,0.34422588314272407,0.610211660648604,2.2607027034747507,0.7399296513967836,-0.8990860318605293,1.468861218743225,0.36538633786367475,0.10122530299910434,-1.3172629302227283,0.32861640696223815,1.1345757152756146,0.7380280581568855,1.4299952396209836,-0.7277827116727256
SYN1_0149,-0.26890537529420966,1.4033825091462775,1.1401207619442468,2.0970172676398064,-0.6664437498967858,-1.2530123374433377,0.45680171983052203,0.5057244457634054,-0.49824974419797763,0.13315922673841749,1.0073731970046171,1.4729087150359317,0.904984004032076,0.5252851183578733,1.1530731288396021
SYN1_0150,0.6038342998600978,0.42329915596517614,1.8568816798303127,0.3800540034391566,0.32385070705747676,0.08729844988118331,1.5199375689571129,0.10083117438251324,1.010063670080059,0.5448906892716076,-0.11401863199745287,-1.87188183473888,-0.7229315419957656,1.5276370423375276,0.9768156386300993
SYN1_0151,-0.5460801034044989,-2.7106446095673724,-0.6681833277352422,-1.2223498339302192,-1.9892808402947795,-1.0405074254651647,-1.4864781419437116,0.4138848520877918,0.4735777977994428,0.9479953824862969,-0.18609581876976675,-0.1273246189354732,-0.6077939196274528,0.11167528234550941,-1.0010294418693537
SYN1_0152,-2.123701448546171,-0.6296944497580463,0.623777733556105,1.7903892690172079,1.5225069114603897,0.7184651348330807,-1.2771440641189866,-0.3242081936935597,-1.8517201698083778,-1.383110169726377,-0.6330327895659862,-0.4843342564324691,0.6724173192556689,-0.02670234735833612,-0.3184886509187443
SYN1_0153,-1.1958932111824685,-0.7380790128479228,-1.0434258731425763,0.632090582478269,-1.0995889951923055,-0.7808928061285442,0.5558649552410314,-0.5830679548910193,0.18951778300528835,0.22593815581226362,-0.2178670971594718,-1.7038719854140276,-0.6722545432074835,-0.7254333875075043,-0.5798357730781044
SYN1_0154,0.31123046556297684,-1.1140977754597163,-0.012615876868793998,0.6081644051272278,1.6188130226856485,0.15703725537500396,-0.5720467216178021,0.5335628614733608,-0.6931593975000845,-0.932867848204918,-0.576206004360154,-1.2554041956778594,0.9336717264509333,1.2871878821382463,-0.10560359801719348
SYN1_0155,-2.087525027363961,-2.617195767714895,-1.5709609848597386,-0.07693797257252677,0.6917315189103902,1.605914742776968,0.8065223607659735,-0.6696660190031913,0.20060528863863183,-0.8858633294868402,-1.0366750606285877,-1.8423198254415716,-1.6590700455040943,-1.1539278648158693,-0.6179947585945355
SYN1_0156,-0.5169790207163232,1.6385848425238414,0.5358567729349967,0.5288028180343747,0.4172039155313435,1.6751170977286034,-0.2777064648057067,0.5091426878405662,-0.5171838971404866,-0.17722130934251398,0.42346312836907746,-1.0943487503631215,-0.845276755404395,-0.25356513768636824,1.7254218022758694
SYN1_0157,0.5412073398024737,0.14146083369036824,2.4933811440764817,2.60663077148844,-1.0591561192876373,-0.19128844354004546,0.44185593690732,0.4017179705963307,1.4996276083568445,-2.0280230880209347,-1.638629699592522,0.831673909429501,1.5224755043664122,2.801639644850922,-1.4439655319914073
SYN1_0158,1.667478264852734,-0.45164187697771274,0.6819583338013001,0.008767194201507223,0.27659070935356284,0.20869774339306146,-0.33874335012660756,-0.5674546182932816,0.5667288355643566,-0.16926205517083998,0.1704100611271029,0.4970991247913416,-0.3775827118063368,-0.3812005129143878,0.5470778236102987
SYN1_0159,1.1742110130818375,-1.0207732618552303,-1.0513709084054863,-1.5566759407516235,-0.28926036779232694,2.4732101459637255,-0.2565625537100345,0.917742663504656,1.7233091351911791,-1.2615499570696298,-1.6246104741895266,-0.5945667101998204,-1.2603873005994668,-0.12635226514980472,-1.613744604268888
SYN1_0160,1.384886606135563,1.319017324801515,0.1639437714724366,0.5972558611902927,0.6280208723751435,-0.899586685811805,-0.8351584503955026,0.08796157085296087,0.043239818594983936,0.46310739489708214,1.001395161804395,-1.870439163400989,0.746252149143208,-1.5980538812750669,0.7171110606236301
SYN1_0161,0.058669753283032054,0.32320984772755584,-0.1247792147556333,0.15183930289634037,-0.40324283417094425,-0.7550111105120868,-0.3406904551996114,0.0006040570888871938,-0.5597043516322695,0.23905726579056724,-0.684753590163864,-0.7891976829518168,-0.5864117948149777,0.2617685197945555,-0.1480880456617371
SYN1_0162,-0.2656856318233857,0.42233495505329166,1.4875349273894198,0.10633145965874059,1.3388646999778402,-0.7181199623762271,0.3363857311455116,-0.09434815507744156,1.957626164808267,0.3558727452203234,-0.6240953081752282,0.7264484371000239,0.6535103532154354,0.31221523647879945,0.9716663981847031
SYN1_0163,-2.332284335738232,-0.3232171974746233,-0.3222551178508012,-0.027071620328760915,-0.6927211251676633,1.0173076826155738,0.3210411370863856,-0.15292684001723905,-1.4363951853214605,-0.5913491704417372,-1.1960424315424778,0.7999524174189503,0.5009555008311647,-0.4273985652004303,0.6549427757667464
SYN1_0164,-0.16188719176229682,1.4359955333265602,0.47844023279907305,0.15244514902873485,1.8624113445727812,1.013680950513932,1.135088449229454,0.017320519272446076,-0.299973029764592,0.8019453730659151,0.22730429333705052,0.37118364350785554,0.014493921621257925,0.0012316853679518163,1.7219095899001542
SYN1_0165,-0.11580749423678739,-1.1532282764141655,0.6595128849004909,-0.3161316745186615,-1.2076043028242749,-0.30779284479305147,-0.71359195470206,0.768333030994039,0.921242107786556,-0.11290438635093698,-0.8485430704887064,0.25477675716258313,-0.6699921868717837,-1.5833851480178092,0.1483862524490455
SYN1_0166,-1.6118895243409679,0.21255560523851505,-1.4699993151785902,-1.59059555899114,0.11394669304347767,0.8152376362679339,-0.7963211923883814,-0.8386032552314348,0.6133137801282543,0.5288775517659875,-0.24823344230122138,-0.019530511687036678,0.34809596833715883,-0.974292540889467,0.5000501437794072
SYN1_0167,-0.9838442103634211,0.8185190582508668,1.7254041019781767,1.4197115829575302,0.3836237660990023,-0.4699604323526939,-0.12768195093260454,0.7838579611876355,1.4944684548729932,0.6429693341150776,0.5850236971681596,-1.1519865293643965,-0.6456209842672411,1.21839149531517,-0.14377421146466166
SYN1_0168,-0.12078564293542887,0.5153224364854628,0.8539948647663197,1.0385022186000985,0.5194043737344194,-0.3098019572840512,-2.0633239398842136,-1.713024563764332,-0.8909322105126636,0.467733172284286,0.34668360418132665,1.1322133546380537,-0.8560221229583233,-2.0449642861138635,0.2616089746189581
SYN1_0169,0.6041897488144926,2.0199580115257336,0.7268302987551329,-0.24280105089707776,0.7963088288479683,1.61108025722565,-0.5605904575537382,-0.530026192049926,0.7655529709003438,0.6241132821868425,-0.5137005135303735,-0.4850609252637796,-1.1400791545924158,-1.824846140103359,-0.121723291070643
SYN1_0170,0.32506964990158793,-0.9689159359186861,-0.5616495648381002,-1.0453823041408292,0.06982857898112485,-0.27783116087109866,-0.3499137958830926,-1.4757726650257332,-0.31504039033027986,-0.4293663155151544,-0.886303787567127,0.019328632661382204,0.8395773539648281,1.9164879582538963,0.19060323084822348
SYN1_0171,0.18290633504978396,0.3913099977184888,-0.860787872185212,-0.9315708551043852,0.7854843992607238,-0.12723463431204646,1.5443596835020537,-0.5955729591865636,-0.32750833271166974,-0.18532463026707524,-0.6688659400494924,-0.5416731533731572,-0.45618472417133393,0.0192599016008623,0.8541953188329072
SYN1_0172,-0.05723995848710883,1.092461493897086,2.4923560353108747,1.5588560371338511,1.0098217368278957,-0.5200648890184995,-0.6642911364126494,-1.685518207193144,-0.13409108914006845,-1.3144039297999504,0.20331576725655542,-0.6307457295294775,0.08468087229668532,0.5675127148838903,-0.20278757665258815
SYN1_0173,-1.7988387974043911,-1.2372585320681286,-0.19385677971561754,0.39056534711365287,0.9762402093947048,0.07852607020529344,-0.04720424068071498,1.4567598593090845,0.8094747596634304,1.2146463354488675,0.19959810207255893,-1.31399385602266,-0.06646806092743629,0.5442046473241743,0.7758551413825608
SYN1_0174,0.9705579833711608,-0.34005797300276475,-0.8535361013388394,-2.2323094851680914,-0.21068565697231498,0.7449051510537129,-0.3415176244482326,-0.5155557986128709,-0.3207414150710649,1.5335812227534482,1.3785235945768928,1.5193534816482774,0.4092921162134669,-0.27011027058484566,-0.4781759947258086
SYN1_0175,1.1252385391666024,-0.9988969001834012,0.0264863912648678,-1.1428604657548507,0.4013564881190447,0.6707415454363724,-0.561435269638473,-0.032454091961703964,-0.979301091094009,-1.2086095285496716,-0.7404462736508082,-0.9648014699201028,0.5944887499629813,2.2864454745919764,-0.7091919792629942
SYN1_0176,0.047924506474856854,0.1675567257908357,0.6246503664881469,-0.04929512505987078,0.4789682765905986,-1.527177138999039,-1.1378820599720643,-1.7138231144380962,-2.341050995885708,0.18407656749721288,-0.1953195872447538,1.3491538391514057,2.0035399403823537,0.6360240784495037,0.008191640221285643
SYN1_0177,-0.3740356194677844,-0.7006702524970326,-2.553578748948417,-1.3684549186850783,-0.700464849403068,-0.817110910457275,-1.1526944002866646,-0.49755353450720724,-0.4711233521611815,0.08364148328713567,-0.8611749245711304,1.3960910258430266,1.03954494788746,0.20529360968969138,0.7366891564092845
SYN1_0178,-0.7381184899464716,-1.0372652085548622,0.24414217901797852,-0.2784221584273175,0.0004916234792772066,0.42600056330193625,-0.35233296749129417,0.04989918335715944,-1.6304230823213461,-1.382137763485915,-2.223533323961103,-1.17993684385114,-0.9406328511308765,1.4133655503977978,-0.37153253748942505
SYN1_0179,-0.7451339492505693,-0.00024059182388198042,0.24748984946788283,1.3465930606046832,0.9688899842754131,1.052698437355025,1.939807261117553,-0.8315565853494943,-0.8060356040960728,-0.5426703626588849,-0.24862208451394321,-0.7075069888577875,0.7360462786944669,-0.3689509907092734,0.7655583391933695
SYN1_0180,-0.6287650586047575,0.3270350369311756,-0.6962474736433779,-1.206193442646987,-1.6434886622204616,-0.667538820282339,0.6516859881292343,0.8099296546660463,0.7458157110430701,0.47531625654142046,-0.3641523624447976,-0.26766114011810993,-1.42267938144832,-0.35218707016405576,0.36203558838472893
SYN1_0181,0.973665513962749,-1.0659853842698015,0.6834882077188612,-1.7346970787580844,-1.344699864421503,-1.446030045345523,-1.1711782528318588,-0.7619984058239764,0.878283693692745,-0.5455985232921644,-1.05031357566499,-1.1050859530729358,-1.0751697044241728,-1.0273381585348567,-1.2898256698361779
SYN1_0182,-1.3143637402560178,-0.13407040017064586,-0.32262597092861595,0.7533230659880885,1.4615448032359792,-0.9414624695500731,1.0448341501229765,0.6896712529894475,1.4378357234371746,0.5166575888869726,0.7402092440006554,0.7111768641188749,1.5435002949824033,-0.10502635687077934,0.7115799026323466
SYN1_0183,-0.5992331489743833,-0.3490399023879767,0.9519935876244686,1.6926034624228028,-0.4111144341795461,0.3724175961874152,0.06652794299635205,-0.2443723156939298,0.4334927278333917,2.0231119954971613,1.2199234219409425,-0.028413632754189524,-0.7086737472088154,0.25689402784325066,0.9480471604973111
SYN1_0184,0.2779694861312825,1.3030788931919148,1.581028339458975,0.7937741049354092,0.9301322386640515,1.9219225048889028,1.8154774185718054,-0.20220535300734718,-1.321598380776954,-1.6382293998833255,-2.1371106304654894,-0.40640066804252173,-1.464362689809129,0.19368232722071962,-0.3752430449363672
SYN1_0185,-0.7653514051883745,0.7725097608176492,0.7189101127111321,0.4099830412245591,0.6415785899027318,-0.9300975449541632,-2.536918497657841,-1.3540795749157954,-0.0675414389927934,-1.1573410365752266,0.2000281256173484,0.5729965516231154,0.26932949448894966,0.33456113617870603,-1.047229331115655
SYN1_0186,-0.0874686961676529,0.21809725251691595,-1.2182473730302243,0.510008722527599,0.5417957499005287,0.7013330788475913,-0.4724639190881829,-1.4853560591718655,0.5896434263512808,-1.0938599683212133,-0.6926332102782912,-0.40010855656672795,0.013535573871746384,0.3033275628542719,-1.3027552915292246
SYN1_0187,-0.023459621068786015,-1.2500156330914183,-0.8184444494746073,-0.392152283203634,0.39110706956228153,0.36779244012520423,1.1054569881357459,0.9958384039295914,-0.7667308874292389,-0.12219086714754171,0.34532664537340313,-0.39792134935657486,1.2937252081500346,-0.1240027959730602,-0.33932171123541954
SYN1_0188,-1.2686324837969685,-2.0186780761765584,-1.2465556430303557,-0.8770394928026664,-0.649142531607989,-2.257804239541135,-0.7832554490972227,0.6452941835731337,-0.3085683500895529,0.5679629854996001,-0.376213402306222,-0.9206270888212609,0.9488185532227914,1.0436591774240713,0.2463358657852756
SYN1_0189,0.8954529416258632,2.664107420850656,0.7851531969416135,0.2787715334234009,0.30774841289576843,1.4999708652213921,1.364654592927587,-0.3347971915316925,-0.8087584726281766,0.20393442963059186,0.5628563066424548,0.6201833590521989,0.7667257127901843,0.1020659716603772,0.6242499524007706
SYN1_0190,0.6510609915974334,0.998916499289486,-0.5737146744457643,-1.3156796439615026,-0.18208006817734584,-0.38025912736236456,-1.4111181071084191,0.15704752412149017,0.5187692882863976,1.6521626971703247,0.5394168036903111,0.25136459427270863,-1.3947964247584423,0.944657862278708,-0.16690047979879072
SYN1_0191,0.650850051212147,1.2331724344410735,0.08559411780631203,-0.00016189392916746135,0.38369205743674667,-0.5140459606498313,-0.8664633522739695,1.362431737985221,0.8991340154303074,-0.19460290638912398,-1.3469544400367461,-1.5644965346089694,-0.31336785128865263,-1.0340836866775434,-0.8466852200571977
SYN1_0192,-1.0254994152765198,-0.42022541376292993,0.0706287267546831,1.2020171576862568,-0.27678197076613764,-0.6941896297512696,0.0924920899756641,-0.4236335539833324,0.6648019528593844,-0.07619750194674568,-1.228626333104113,-1.104508425947318,-2.049672050705112,-1.2110728381120628,-0.5452673585133501
SYN1_0193,0.5001640149073767,0.36896269181375113,-0.10016431281671,-1.1864728093724373,-1.0998705399756183,-0.6934675136661304,-0.021662275868535082,2.074092824634774,0.2134168866622482,1.0915796826379482,-0.6786143210762412,-1.214493042772057,-2.522751567220049,-1.6280798621272035,-2.6235893511891284
SYN1_0194,1.0434191654461582,0.48549617556637936,1.13781553982707,-0.05399705972067188,1.0390416827289741,-0.12619827836204497,0.7352804135792715,1.5613803062172869,0.42888667507496275,-1.0127879492294536,1.341376629704072,-0.3622091830380156,-0.7747851658930552,-0.5723909464669772,-1.0371442149859997
SYN1_0195,0.9121000077340777,1.105349991010556,0.8335817692566643,0.042157307267209065,-0.12177711560796381,0.7553244553831366,1.7337864014235995,-0.5378781881740992,0.9916388067783065,1.3926768630094821,1.0852415545053833,-0.28309973062109633,-0.056657244394428985,0.37857781953924746,0.39429542738969225
SYN1_0196,-0.5925158607584912,1.0465399424321906,-0.18253996857624927,1.3494221862597033,-0.8561540840125029,-1.5105210384900392,-2.2062897593961184,-0.1595604734350508,-0.8216325495898428,-0.9398229168562007,0.54306400606872,1.7688399151773408,-0.11452610153016862,1.3303566396531583,0.14774416275632243
SYN1_0197,0.5700956817795492,0.3432511842860037,-1.0750610294220029,-1.6393226912259438,-0.47476783290580427,0.013724664541159495,-0.6161433253262377,-1.0795546164785161,-1.5557804053965576,-0.09484059286678954,0.6068666240068454,0.8555143578540386,0.9131784633512128,-0.20658220469088667,0.23147900650432393
SYN1_0198,1.604874884916221,-0.22508282477491892,0.3287422074267993,-0.23270826167963424,-1.0804126523897528,-0.9184554353992215,0.1800050196067338,0.9365358531077177,0.7166131282882253,-2.39086235525935,-0.1124748166265959,-2.0008604962735794,1.1394256627116677,0.6230862386834422,-1.8549628836196916
SYN1_0199,0.18340344985696433,1.1628322970123146,0.02629007006733667,-0.2057455112381666,-0.3698914077636444,0.047885494944342036,0.09364542637909866,0.18522039925103811,-2.915248451647103,-1.0112304698832437,-1.7812981761930982,1.86227902483816,1.490937649989276,1.4498077253845467,-0.07764616297875854
