Strain,number_loh,min_width,max_width,mean_width,median_width,percentage_loh,size_without_loh
SYN2_0000,0.1143331150066098,-0.0357706285747376,-0.7795979239454498,-2.2574740885490567,0.3086723726845398,-0.359577643195009,-0.3111722851541414
SYN2_0001,-0.850126987192225,-0.8884383354261132,-1.294751600367383,-0.5102946450149841,-0.0906115371819381,-0.2970554057628291,0.4807769746927612
SYN2_0002,-1.3794025808685322,0.3730721898380476,-0.8250029631163684,-0.6641896200420379,-1.0580392044839346,-0.8785684585887721,-0.7579433586159389
SYN2_0003,0.4547148772454121,2.551023275823012,-0.1129916511729248,-0.1638228322854282,-1.9463968046793076,-0.8112431394549197,-0.1311262191357749
SYN2_0004,1.219710748261289,1.8947703639149949,1.8812024179941391,0.8533766914452416,0.7167490222302082,-0.1718500710667645,2.210545917945111
SYN2_0005,-0.3021818918947376,-1.3473296424975791,-0.5923541125412626,1.8174061728553328,1.1899717695533618,1.734873400737303,1.85162491387998
SYN2_0006,0.3301111435286895,-1.5007151088672177,1.0432682700339546,-0.265984013869464,-1.0912235360594855,-1.6443467995669527,-1.967882670305612
SYN2_0007,-0.2665259838039344,0.022321139787487,-1.1759264419799595,-1.3895195411199277,-1.0060641805822772,-1.009027159738208,-1.1773128727295508
SYN2_0008,-1.236655897724943,-1.2547755808357923,-2.6603247935528844,-1.0374740354784913,-0.8637136565877238,-0.1983377653758579,0.1305785733624031
SYN2_0009,-1.491005559557198,0.566573606976721,1.1694745164415126,0.9718153454194542,-0.3318581961250118,0.0554589987220977,-0.3520630924431946
SYN2_0010,0.8055616875501906,-0.2536106284075697,-1.43925335163782,-1.453673745686994,-1.245617753871434,0.0378180839034766,-1.013874704572141
SYN2_0011,-0.1304201583319975,0.9225025771724348,-0.0332209083051397,0.1790545905402482,2.759883755686713,1.5696399522090871,1.863562450730284
SYN2_0012,0.1590341462673298,-0.2128880761425107,-1.6840399854099772,0.2682833494801578,0.0004746804002023,1.3426154580657583,1.6308166918623552
SYN2_0013,-0.3252539062413986,-1.150557338074546,-1.3764559989888328,-0.9465554940357922,-0.5413096787707014,0.0965613863850256,-0.9085034393634316
SYN2_0014,-1.4201278476498136,0.5974287808283891,-0.4737666838958134,0.4831028302701584,1.0130358865417066,1.0820011034171062,2.12025292075063
SYN2_0015,0.0837046271012893,0.2044670448192639,-0.0749041117877418,1.6664455927177766,0.7475870645756191,1.4453642775706237,0.0413738547094882
SYN2_0016,1.0257861986484609,0.6850527943838022,2.3148223093520244,1.0607146499876916,1.3499806604724982,0.576560386817791,-0.8674134722843686
SYN2_0017,-1.853925964328351,-1.3458774892887388,-0.4362663181204472,0.8018127058758826,-0.7711255801201657,-0.8683199784389036,-0.3989834387020179
SYN2_0018,2.308946566373937,0.4505879370399547,0.3282475249774743,2.1763356592631906,0.5815342326641932,1.1236991736432091,0.018314053957758
SYN2_0019,1.4718250215618869,1.5790571092496295,1.796157913044658,1.5462272529038406,0.1757927777690128,0.0460965599671917,1.1181526805438358
SYN2_0020,0.6650542673502163,-1.7558501407000908,-1.942948798881081,-0.6425612189006341,0.2914580818094091,-0.7169922816465815,-0.6067348845958723
SYN2_0021,-2.8424491621464787,-0.1086774216934621,-0.1756555322178902,-0.4926889970301181,0.6034206603424618,0.5862749945630327,-2.568276937938836
SYN2_0022,0.7284265737670894,-0.1236187574499668,-1.902737219076785,-0.8357264593462199,-0.1081398281310935,0.2869008837339113,1.1804662554093717
SYN2_0023,0.4141793995414019,0.4302071910334185,0.6608127698394635,0.876689980098486,1.6061727496494291,0.7054043389127054,1.0409045464974944
SYN2_0024,0.2036110060447682,1.4808540891324635,1.1409051756174502,1.1755591824547802,1.0867236746955216,-0.2408822487935301,-0.9688590963832514
SYN2_0025,0.869355495170707,-1.970313191372693,-0.7630347244751139,1.0364896889824955,-1.0904838629804954,-0.3463501212888321,-0.71504804159331
SYN2_0026,1.0626961300405224,-1.1877303749690196,-0.8986246641321302,-0.9061509544640016,-0.821148909231612,0.639798828342629,0.2064206247265628
SYN2_0027,-0.391647127208268,0.4227262679573876,0.9901369864319808,0.7470659174622709,0.6116793872731706,-0.0849241228351434,-0.036024313332256
SYN2_0028,0.5408627749292336,0.4968575082764708,1.5564956534370382,0.3051107823627171,2.1337667309835404,0.580417208955733,-0.2173550687622493
SYN2_0029,-0.0311351978353404,0.5767271001313709,-0.2496688782057683,1.970700808647535,1.3805542205375227,1.611709548778363,1.1973733846980723
SYN2_0030,-0.2196504753002868,-1.58398120282905,0.4014690041703932,1.2034999245785198,-0.0960529122075609,0.0543258744183479,0.9450617535171992
SYN2_0031,-0.4642599908132734,0.7844987985188719,0.9096963488037062,0.1741435291860823,0.8554137202081786,0.0829323288810424,-1.2923147135072746
SYN2_0032,-1.1169953444678709,1.0020960137203805,0.0536061028956014,0.825124557921617,2.630695218650057,0.8507977035603606,0.7511378941453947
SYN2_0033,1.6985061064736453,1.3157479610904497,1.176358091976086,0.80757705339726,-1.2926266985352672,-1.2370993873558882,-0.4162424918510723
SYN2_0034,-0.1903185963963535,-0.5351366735307457,-0.0664892464719182,-0.3493408265922956,0.643442771841085,0.4298737986678,-0.2387691718915888
SYN2_0035,1.21696416886898,0.5432684129815138,1.9488426914734616,1.5730480969531864,-1.5082641923008573,0.3420758095613785,-0.8649841941373808
SYN2_0036,-0.246419955791877,-1.920329541792351,0.3473351934864844,-0.4789731590888036,-0.5098824328534725,-1.0953051792978377,-0.4885635616138253
SYN2_0037,-0.9224944951511862,1.647046347591919,2.6392753200387835,0.3604108171759198,-0.3496760861697045,0.4927240392374955,0.6853016402916488
SYN2_0038,-1.7984955708319268,-0.3423449254257931,-1.7894960742216353,0.7381903693323948,1.0870498592139195,0.5871082344641564,0.620382844516544
SYN2_0039,-0.7504581792368921,-0.6533096117930328,-0.8023222036770412,1.2482399093461585,-0.2336904381037852,-0.3817631293319986,1.5483583296595067
SYN2_0040,-0.0866634723699553,1.2061432557944374,0.7618530482306286,1.058091109652791,-0.5190137537229607,-0.1286839479514568,0.0420740882220336
SYN2_0041,-1.8894834291092304,-1.638474369635146,-0.9689241562213,0.8093135749260641,-0.5692548643439449,0.8250943034503898,1.0842529859653898
SYN2_0042,-0.4457279347609084,0.5872951550539153,1.5729736469672757,1.235922138503763,0.7187550228519957,0.5406381845287966,-1.472721808834898
SYN2_0043,-2.175696182026765,-0.3906282064941066,0.5772011685233014,-1.3218322471035813,0.3087126607048169,-0.0457271345186433,-1.248142477295444
SYN2_0044,0.6834255307184963,-1.0914089864957464,-1.5245724780019436,1.07138343688377,-1.1168079414539638,-0.8087503532370928,-0.4741551882629738
SYN2_0045,1.561114117452045,0.3528106363140493,0.9873921824899023,-0.1786270595357554,-1.8544642804790357,-0.0789482017993792,-1.2098386031679558
SYN2_0046,1.1573472829801918,1.3191969621234745,1.8511668626583069,0.4264316678442408,-0.575335127207872,-2.667693704941994,-0.1844089983272755
SYN2_0047,0.2948617083345448,-0.1777511295181456,-0.9862013966433268,-0.010653415558669,-0.4682635666953613,-0.6695292055179473,0.4882595266320108
SYN2_0048,-0.9717922685293572,-0.5549070153015997,-0.9365392478430242,-1.9886797203788649,-1.5104468478615012,1.251916615090357,1.6830810325167287
SYN2_0049,0.4737229572934003,1.5176748510574354,0.8450222907731699,-0.794939945016208,-0.6787799712555158,-1.0432456048708432,-0.9240026953384028
SYN2_0050,-0.7755475352289009,-0.1965709129601874,-0.3808053517917515,-0.3556383140154988,0.1721768851429792,0.9330352311790248,1.0736650955127511
SYN2_0051,0.472871275974808,-1.520301882234401,-1.6349389170722204,-3.0035999690825284,-1.7274697727695227,-2.967895638795797,-1.81948224157736
SYN2_0052,-0.0966469886555475,1.199578321741419,1.6175528383490283,2.2880636278445894,2.0349472249094007,-0.6463372123591655,0.659287406093855
SYN2_0053,0.6211795754845247,0.7587659707873066,1.320711667161618,2.291739919358766,1.7738174065155974,0.2915560984130942,-0.8718809968032329
SYN2_0054,0.655451056210891,0.5830672264409003,-0.9546814094166416,-0.1611272136162236,-0.1383141238507188,-1.4852770796363146,0.7271410107366568
SYN2_0055,-0.0868291671931232,-0.4815201203570194,0.7781878664812274,0.0161310244507108,0.8806026389220902,1.4475398892036873,1.1954807088561736
SYN2_0056,0.7727959701794588,0.2917225584808844,1.78546610148917,1.3277328731795246,0.5496739837642638,0.863612070419142,0.2403738360354376
SYN2_0057,0.7078626755439056,0.6188657329012669,0.0775126395379645,-0.0430128647837046,0.1757040583571442,-0.7152772844696533,-2.933796683479351
SYN2_0058,-0.8194431484133249,-2.4364236457263098,-2.526708062282476,-1.3700645428326728,0.1559162980309274,-0.7697104499459569,0.5838769689617535
SYN2_0059,1.5419062669911054,1.397465200009998,0.3944169540410835,0.3140097638404348,-0.1273762448346836,-0.8786694826449655,-0.1805153153692538
SYN2_0060,-2.973548891267978,-1.8889983596554925,-0.0797387511033245,-0.6881906523277981,0.4212304013478409,-0.0260644407168711,-1.0198945841634566
SYN2_0061,-0.0120119320049522,0.8307978922904916,-0.2099060344831384,2.2046872101450807,2.441978487056675,0.808373783554051,1.0294042199409543
SYN2_0062,0.2250559319380361,0.7179884609271342,2.2018895845645448,0.9749911018412468,1.7921679030875652,0.3773832199974689,0.59305898059099
SYN2_0063,0.2024076740535309,0.5183859846226144,0.6545248425881514,-1.9816189836350848,-0.2963128857693469,1.2030498935345777,0.7769110145261323
SYN2_0064,-1.8310108441141308,-2.448185546394672,-2.046243277225058,-1.6527493570043104,0.4397260369735218,-1.6471121790140404,-1.3325408198756623
SYN2_0065,-0.8235820961659358,-0.8704963636642955,0.4200674069292746,-0.5709873746531109,-0.6776861139015664,0.0675942866109156,1.212450010103838
SYN2_0066,-2.330787937221864,-1.5023562468941465,-2.131005097838189,0.3760975509262812,0.6791510215440996,-0.428130791500293,-0.7627484580780465
SYN2_0067,0.1290075357571078,1.3508681322206506,1.6845347860537183,0.949524679065945,0.5937688168422158,0.6542755399477512,-0.7155636298467278
SYN2_0068,-0.0497784899577984,-0.0585598213752424,0.5128538668236235,0.0425441407181727,-1.0698846881487514,0.2583719844335016,1.1842547187295245
SYN2_0069,-0.0447508130734183,-0.1303765370937904,-0.8427775370259136,-0.2358120487529545,0.5396060159325485,1.030680701567014,1.0499921318657743
SYN2_0070,-0.3850316915292206,1.1876830206646765,1.2574024071031729,-1.2224319963119916,-0.4862545764199659,-1.4862437850328285,0.2695522309746052
SYN2_0071,1.3142739234768048,-0.2580146334710612,0.4337272991366946,-0.5360567900110731,1.1618603329864985,-0.0079702233218458,1.6694123122854108
SYN2_0072,0.3438771298852577,-1.441591151823839,-0.8909727021488414,-0.737883606111216,1.45166281876631,1.003350326351801,0.5964316926070647
SYN2_0073,-0.7048899906643737,-1.7282451007443458,-0.8534318967183416,-0.5779021799609814,0.2126039659192625,-2.023815685294193,0.2551695138691043
SYN2_0074,-0.2934911641136493,-0.014122745563373,1.8989195297389272,-0.3950856030729019,0.7324443921739355,1.3928060072565656,0.4214109231553778
SYN2_0075,-0.5014666760689199,-0.821707667929315,1.5867906631911384,0.1479021694742039,1.3473785103756857,2.557167024639549,0.1124695751260132
SYN2_0076,-1.43944172822957,0.302459770117616,0.7498895660730331,0.2991250545515163,0.2491929479774185,1.2562886167998648,0.0185583272281703
SYN2_0077,-0.3656989119974533,-1.546014218482734,-1.176780336212046,-2.242374063125491,0.6812121346490344,0.7865765228169951,-0.1178977790997418
SYN2_0078,-0.6221160641333252,-1.4124119900712897,-0.8279531811923803,-0.5597059848220618,-1.6388632202370497,-0.5534731023773881,0.6292288986545789
SYN2_0079,-0.7054591612463006,-0.355056853415497,0.3032826636339808,-0.3113723342892868,0.1454944096872492,-0.2765323502779095,-0.9298173621543446
SYN2_0080,-0.2453539537384608,0.2878511308410588,0.8071804564399486,-0.4306397613539324,0.087671290939037,0.574556957313235,0.1101313414972952
SYN2_0081,-0.9188871630317904,-0.5672765278833749,-1.1668044202822383,-0.5941566341320274,0.4183105401426142,-0.3269373301317787,-0.3322693331268841
SYN2_0082,0.8163098627294535,-0.2004065898705718,0.98596788797527,0.8930588240601341,-1.5681029724446898,-0.6948451648888792,0.9852403202533484
SYN2_0083,2.178148754022786,0.0115351113280747,0.3780603092664873,0.984506764325794,0.8890489142176858,2.7581087659753303,-0.3627687883142732
SYN2_0084,2.016856734916436,2.097792725877424,-0.2546557011133988,0.1617167386027904,-0.6866049651932387,-0.1721306413494105,1.8903024673978608
SYN2_0085,1.5007907876439155,-0.1917301306124449,0.2211682731494964,-0.0397237741705484,0.49311277421155,-1.4063362421159311,-0.255390302402662
SYN2_0086,1.763815734645332,0.1840325564880895,-1.8307163207694968,0.3076244784672285,-1.1696695937202397,-0.2459959660658528,-0.0806234590010456
SYN2_0087,0.617700966817486,2.6931334106531906,-0.0241488383617931,0.5190039942054054,2.390723483477195,2.102554970564392,-0.5557136862841381
SYN2_0088,-0.7458816517348384,0.387023169277823,0.6453192387450184,0.0843289369626789,-0.0173113184090204,0.2466961495756981,-0.4293405401539075
SYN2_0089,-0.0774486536374854,-0.097979984029207,-0.1458448047522911,-0.5357931888790312,-0.2323754848063811,-1.148942304172442,2.016786057952119
SYN2_0090,-0.1739647903860006,-0.9667115202207884,-1.1826457623308364,0.3394396028802043,0.3861750177795608,-0.4005140926571191,-0.891734021368275
SYN2_0091,-0.5023198444106693,0.9421975402736896,0.8006751915387074,0.5453561821578539,-0.4098545717092365,-0.8200415655333178,-2.1264702113836256
SYN2_0092,-0.2642937135914378,-1.1558700121307062,0.5783619485574378,-0.7689837032994326,-2.350301694308013,-0.8978546898416465,0.6926264135574475
SYN2_0093,-0.4794631245184909,-0.2715225379511279,1.0196234344133004,-0.4073815160463241,-0.403689970154295,0.4376211409891338,1.9822508200705653
SYN2_0094,2.080026181760072,2.277244126345565,1.3048190013880825,1.0225852538029223,-0.0140855403781672,0.89769847654688,0.4543920439772354
SYN2_0095,-1.242308037426667,1.1754258506604485,0.6597151615934237,-1.0782502497146806,-0.0389018130633456,-1.371219047273233,-1.1069382713198697
SYN2_0096,0.1252862438667167,0.4229059025876205,-0.0579465919641568,0.5993637136960953,2.367026351578561,2.902195557195469,-0.380753301016068
SYN2_0097,0.2101963126071787,1.6678629181604483,1.5875112890017828,0.6472340954084397,-0.6941143723989228,0.0945470641583601,-0.3928749984473056
SYN2_0098,-0.8236565224647246,0.121574709325032,1.400726432673609,0.7118274069158458,-0.1660571112946854,0.2998579522239312,0.492101968562947
SYN2_0099,-0.1519218996653546,-1.0102596679126814,-0.6405023923074504,-1.491446408314276,-1.1968224016577258,-1.0177010963654434,0.2834974868374317
SYN2_0100,-0.4084160384525265,-0.8555763062669902,-0.086845307951244,1.1600109862495018,2.302103128564187,0.590026764498879,0.3849655148993614
SYN2_0101,-0.90325101171361,0.0127732964865834,1.5486813101512689,0.504955972765556,-1.042790910200477,1.3815115714774406,0.8450093190857092
SYN2_0102,0.049243127360453,-1.2322764635111114,0.1911153147418378,1.1021224365402866,0.0547568374673041,0.2941804395142857,-0.3358140084066355
SYN2_0103,0.4284623012168986,-0.8382649427233231,-1.4474540464601469,1.2311525129269298,0.017863187502792,0.0715129313759407,0.8174683120656647
SYN2_0104,0.215279950414987,-0.1692712102420049,-0.7954779137054595,-3.0785040880665124,-1.876547945433141,-0.0709838610720299,-0.8806149047455689
SYN2_0105,-2.140999181247742,-0.7971539784247191,-1.708332426198468,0.1151314543554233,-1.603321269832873,0.4323802283403177,0.1758471925644925
SYN2_0106,1.1035390800985925,-0.3785197189799887,0.3919705140694081,-0.8375696687737169,-0.2821439020485771,0.1891187100463899,0.8258708850076023
SYN2_0107,0.9123412735452668,1.3873193857905288,-0.3668803071698046,1.508348315889119,1.5742766791379583,1.1645851160755891,0.9503329422938768
SYN2_0108,-0.6184208270471679,-0.4553162992413795,0.7953437515001293,1.986582616578849,1.1426937150989556,1.9387897610763964,0.0846121369853364
SYN2_0109,1.2324281608940983,-0.7147776301035927,-0.7932626036963958,-1.2126807526765713,-0.8892566894168319,0.073454562150541,-1.1163006773460693
SYN2_0110,-2.536443939978055,-1.5039641056176596,0.0122370786661926,-0.8317105745356256,-0.6118625143936676,0.7797790626168707,0.4780209564165641
SYN2_0111,0.8298296778945211,-0.2217042173100798,-0.3404271358170965,-0.3796084494021979,-0.4060465439265847,-0.1025240535146329,0.8120169618124394
SYN2_0112,0.7519465333444049,-2.08573176253748,0.4811273844680246,0.6991998443014922,-0.917221948748934,-0.9507184998949156,0.1027465703355059
SYN2_0113,-0.7653475275259027,-2.1121003072064664,-1.995368536540028,-1.2507133486442412,-1.0003008063224728,-0.2327468101607605,0.2587229539122916
SYN2_0114,1.2372901602594,1.6592309421843614,-0.0002089188251191,0.9078337924962716,0.8985678809848702,0.0141980663838305,-0.4840280049739756
SYN2_0115,-0.0316992146677688,0.984872022345988,0.1385173501020909,-0.7813621178917205,-0.9326589626385192,-0.1180640050376923,-0.4857426770242564
SYN2_0116,1.1348902100275824,0.9624708774912591,1.008508073451674,-0.6832341237165531,-0.3820598929667086,0.7057875060737687,-0.2503053362508416
SYN2_0117,0.3432581608311243,0.7413304681541985,0.0106985879193713,-0.5641546696518878,-0.0428921677210552,0.1228943332595894,-0.6258296539420769
SYN2_0118,-0.3641554714090577,0.0088894289754051,-0.9227992385788242,-1.438614791027246,-1.8819508715010764,-1.1480253638738442,-0.9857052499530818
SYN2_0119,0.2008620153575803,-1.3357080067410998,-1.2186614507449822,-1.017893793667962,1.048565361333604,0.1202177041803258,0.1944913565966605
SYN2_0120,0.2089488580361459,0.4917958622401927,-1.0509102507985282,-0.8912394088745375,-1.2356264378210084,-0.6117914950280069,-2.4642235559501167
SYN2_0121,1.1644343743057168,-0.92596317505085,-0.0219748644248685,1.4985033289775982,0.9136260329790512,-0.6795144709700666,-0.1669476616947699
SYN2_0122,-0.9221962894752828,-1.057641492385167,1.1004613780121335,-1.7019037752698878,0.4828609727763601,-1.8171481968894183,-1.2853931311379605
SYN2_0123,0.5069299687296044,-0.2352176104996864,-0.330163900173482,0.0203836029487618,2.306900941309854,2.745738311367496,0.7023564080849454
SYN2_0124,-1.090003226906646,-0.546526130832683,-1.2202647062535663,-0.9031292673467076,-0.3306216270390656,0.6301022766066242,0.6788378416221061
SYN2_0125,0.996004310417434,1.7434525544641812,0.7482744885812646,2.2057786637132177,0.9004056387292958,-0.3869539968074397,0.0340473142949271
SYN2_0126,-1.0569649960638172,-1.110041952616008,-0.3487932685518724,-2.174781220320228,0.8426616813785054,-0.4874291679292157,-1.0482009334958962
SYN2_0127,-1.844964333311168,-0.6529109046882305,-1.135699902944358,0.0191376866284056,-0.4094917131099138,-0.4932818851805494,-1.0919099409175492
SYN2_0128,-1.470910931850898,-1.043730536652485,-0.6837882694964686,-0.9906467935887124,-0.622926106744457,0.9159396613203836,2.031525448814237
SYN2_0129,-0.1274245899017312,0.468329725782216,0.0999985006467863,0.6764391039367735,0.2287044365583283,-0.7386313586466259,-2.011437974063381
SYN2_0130,0.6906412591276037,1.7131785074438948,0.114810285669253,-0.2209512465130693,-0.9163515632730842,-0.220498991010225,0.4930667868117743
SYN2_0131,-1.14437050494394,-1.1938781072830795,0.3380247357590624,1.972503910793261,0.2645372124656012,2.489845880332633,1.371045853120402
SYN2_0132,-0.1266352767999485,-2.375305411762583,-0.3112870680984849,-0.4244231477678175,-0.5073538830174986,0.6140803334588333,-0.0166377795306439
SYN2_0133,-1.120794528327721,0.5772087965633376,1.1603965836174763,0.1679915272242019,-0.3586404802959608,1.973115686528325,1.4857690757814883
SYN2_0134,0.5370403104812203,-0.1690378430887153,0.3789213127603012,1.6888684655590869,0.2126014060718756,1.358820398409861,0.9489757995816704
SYN2_0135,-1.511105809314494,-0.4064520204065809,0.3292083553743377,0.000262717452065,-0.5344452656532241,0.4748056601133334,0.3491337023091168
SYN2_0136,-1.0989398146027205,-0.274465612518095,0.5960470795924632,-2.020569776519016,-0.71287602612534,-0.556286071991189,-1.4827995377482164
SYN2_0137,-1.3635972169710815,-2.6161472379635886,-1.753638053146107,-0.5352057761927255,-0.7020959136422528,0.4150927253108831,-2.282112318940168
SYN2_0138,1.146772002640808,0.3888528730425303,-0.6509014902640906,-0.5111125122867018,-0.1037762693801449,0.239708010270768,-0.7752998421483287
SYN2_0139,0.5814797274018052,-0.5158526746571536,0.4141627452084552,-0.4942539458946208,-0.2652084410193955,0.1459504478398538,0.686280253692783
SYN2_0140,0.3476651255806925,0.1872527667739592,-1.3678037757034156,0.8617619696038606,-0.6010273986635841,-1.0271428198079535,-0.2090183164771292
SYN2_0141,-0.0546453911221576,0.2007342891532989,0.7333560725544536,0.6980890944224935,-1.160536757748173,0.1372396645173131,-1.182759829024325
SYN2_0142,1.6858285476606345,-0.6165634841534535,-1.5051048936384848,-0.2019198505592804,-0.4296947597255025,0.8037204845825282,-0.0802786680934647
SYN2_0143,1.252395580525739,-0.5351260792045832,0.4579127554174935,-0.0671533343834345,0.1617396416098213,0.7526987255282683,-0.0301852859225531
SYN2_0144,1.9975628750337733,3.339015672150592,0.2106737800601188,-0.9993351421630426,-0.6494497829003897,-0.3808075739442694,-0.5889209333632162
SYN2_0145,-0.4467694344203156,0.3860581268480696,1.1563668493444552,2.15517344946539,1.6328475786005885,1.2505924515318083,0.8119705074504254
SYN2_0146,0.856420136303824,-0.556091416409978,-0.6624930026592565,0.7069762426014435,1.1838703365560812,1.0284332012738042,1.190867874392452
SYN2_0147,1.2690134774927044,0.0870020718183166,0.3835275220695845,-1.0940050519265252,-0.5960454705860009,-1.0304467353081597,-0.4771834184164544
SYN2_0148,-0.4703522836625604,-1.71288679116715,-1.0580054030340251,-0.5948929160410426,-1.4967367642556255,0.94437746273501,1.999716589404952
SYN2_0149,-0.4013969268746383,-0.2158946451449932,0.1088590891960685,-0.3859716642309163,0.0151905440512141,-1.838626828111825,-1.4190704106179155
SYN2_0150,1.4052865363236893,1.3177628358226434,0.9320135876300526,1.811504379380348,0.3210836113700688,0.8441605633798215,1.313096988672001
SYN2_0151,-0.1758648879271698,-0.642624247715904,-1.411636084636014,0.3816049245858321,0.0840296190535277,0.6825858503198018,-0.9573484612690396
SYN2_0152,1.7937652622136606,0.359187664263103,1.8783535180984456,-0.2682247398310082,-0.5368967438514355,-0.8330220879183211,-1.3937294822282171
SYN2_0153,1.2630824485772894,2.078440359591653,1.813332750825413,0.8034162075033761,0.5911025298191822,0.14639468317436,1.444729323457436
SYN2_0154,0.8479885541011868,0.807257475345097,-0.3155653617588339,-1.1617922466718795,-0.6425781183802093,-1.5632542825128488,-0.4079944312582003
SYN2_0155,-0.3201033798229843,0.118188105415677,1.0923238813486047,0.6757262128989893,-0.1084921523252075,-1.5623117409216405,0.5987774909459972
SYN2_0156,0.709567460869285,1.4433263660712234,0.3346680811425432,-0.6600579775823031,-0.1237038348742708,0.4574553783003816,0.4547269461295727
SYN2_0157,0.4097073544935855,-0.6680136934202983,-0.9506435339394383,-0.1186491791734012,0.2758239631784002,1.4356829280018653,2.231744577658748
SYN2_0158,-0.0578573478779446,1.182470793625375,-1.1299871415534388,-1.5573263488071931,-0.2455144996862346,0.201530424324896,-0.2006126993138898
SYN2_0159,-1.0174072552075917,0.6727502625778312,-1.4099711068734158,0.2887131563329441,0.2676514756053464,-1.7447418711436884,-1.270155355758433
SYN2_0160,1.8137059650740288,-0.5797530855837951,-1.0774199647074305,0.0119044054559266,-0.5717467989353887,-0.2366093160169126,1.886593712160743e-05
SYN2_0161,-0.9512825840568434,-0.1251717277076094,-1.0016798557392148,-1.103338951339287,0.4394640762151371,-0.845215614495048,0.6202936863872304
SYN2_0162,-0.9343888673464203,-1.6642963179383328,-0.7025205613099573,-1.1246686939765838,-1.2874584334921528,0.0619063776649654,-0.8299445788974229
SYN2_0163,-0.8947232340075806,-0.391865630858223,0.353850978303521,-0.4588811382666938,-0.4556300349563648,-0.0157891061586361,0.1593739334224183
SYN2_0164,0.4610339200216443,0.0941010962094605,0.0626422944856387,-0.9431538820531084,0.5181385673274393,0.6502986146102583,-0.0433156624314534
SYN2_0165,-1.2496553876261045,-0.8995014716112832,0.3548077716763668,-0.9172989848447886,0.4142314666762682,-0.5174176949356025,0.3173644894208989
SYN2_0166,-0.7218048978072097,-0.5537063859268614,-0.4717627294048027,-0.658077764246807,1.877608739832826,-0.4281235296696,1.0427738094518018
SYN2_0167,-1.838254587985667,0.5829654919043495,0.0574169501861996,0.4696616155213964,0.2138608457414893,0.4888003406836558,-0.8669102038966536
SYN2_0168,-1.7642741687487409,1.0867138188756698,-0.4397289311034953,-0.2816856791525097,-0.8611219843243235,0.6457165041773617,0.4546010851398444
SYN2_0169,-0.4660236181279207,0.6321913303406436,0.6839222398401804,-1.4567545717162496,-0.9102925765302924,-1.6597048890184554,-0.9650656997932352
SYN2_0170,0.0832771804129739,0.3181443338262057,0.2190836519197392,0.4672110109590909,2.1944866849278357,1.8359806649489088,1.0301484420341824
SYN2_0171,1.4690438193455833,1.2030863463403505,1.353416539687731,-0.4107714008507104,-0.9548409611923356,0.7014802269253492,-0.0189696364085171
SYN2_0172,-0.8299860539279343,1.736015547402412,0.6800898280528364,0.4964169764189485,-0.8471815836294095,-1.3927142186458936,-0.0184165618388733
SYN2_0173,-1.1765052633246678,-1.3042712884880587,0.9946724846312768,1.9874321195042857,0.3123774518425609,0.2272717430468564,-0.5217601891738032
SYN2_0174,0.7913869571413928,0.1268840633864073,-1.2102463891358244,-1.5565782337061251,-0.5338091691157252,0.6991291344463829,0.4351533065035393
SYN2_0175,-2.086845664980476,-0.2733267922486951,-0.3054884425306222,-0.94038820878568,-0.2651604550786759,-1.0187808051856826,0.6946569940716159
SYN2_0176,1.3235515889619835,0.5694913892050367,0.8184425738957246,0.0433948276981465,0.588635909477269,-0.1841157315401603,1.452598128507297
SYN2_0177,0.9304037986666972,-0.1952654317867764,-1.175963679380689,-0.6376628554986193,-0.5058572327955874,-0.8226075905943081,0.7066319807825611
SYN2_0178,1.605958497264078,-0.4580947586650695,0.564745116497465,-1.1831426423580411,-1.189786047798398,0.1092924957435376,0.1270704355447816
SYN2_0179,-0.6489478727858159,0.391888461412295,0.4299098392617699,-1.11945838158295,-0.1548924624675943,0.6760432960037953,0.4031656889067633
SYN2_0180,0.8541036518854561,-0.7498570965038125,-0.0652843495715504,0.8231946338830183,1.1417486254966631,0.4891391914996533,0.8954886600737041
SYN2_0181,-2.0316691351157288,-1.5668578680338952,-0.3269962343780981,-0.6620007465856704,-1.0788136319136596,0.4473329717461319,0.4906372300630174
SYN2_0182,-0.2989844664174716,-1.879093436979116,0.2217653792954963,1.004017510223306,0.078454714055533,0.404029621442011,-0.4587706759623434
SYN2_0183,-0.4224964881326343,0.8431210782486133,0.5021226527727004,0.2747422945520739,-1.00739162245904,-0.8405507449306029,-2.8198322963848086
SYN2_0184,0.9351750209432442,0.1323720724464391,0.4837097312077748,-0.2163145053616691,0.4540727088255734,0.1401710238682162,0.294666788513315
SYN2_0185,1.4740489834577808,0.0594612684343125,0.2317018968566986,1.0548225379242335,1.6767903917978924,-0.0987697959199048,-0.2365723796700574
SYN2_0186,0.8396929479498748,-0.6819035848288082,0.5890216746652818,-0.2244270519751972,0.6155919168057367,0.3370307597664803,1.01969478371109
SYN2_0187,-0.4971740289724922,-0.3744614868577186,-1.5456552619350756,-0.2775707168356761,-1.413161192626004,-0.9012256193895472,-0.0862078789623107
SYN2_0188,-0.7188451209631374,-0.9189530314064328,-0.5899460419597032,-0.1933768129304147,-0.70177912188633,1.1720944552067731,0.8593030587943111
SYN2_0189,0.7529179294037213,1.08216414723206,-0.7062999153418348,-1.2703142792299085,-1.028936054438058,0.8610458682836475,0.3925790097559476
SYN2_0190,0.8871470099894071,-0.8364995516710377,-0.2923281206655193,0.3214814637763794,-0.6609864599440954,-0.5492411172890193,-0.4348419645408007
SYN2_0191,0.1679726183431056,0.7286031580848367,0.6105257517148591,-0.0148343787915598,1.5944804853209875,1.274582596253685,0.201214358394113
SYN2_0192,1.8248186895682843,0.0538000684940842,0.2114213216739957,-0.9264406647042188,-2.8832451014889764,-0.5460641831251769,-1.180010158986906
SYN2_0193,-0.9293092449228412,-1.2090065074976786,-0.8513388804327546,0.0722488118528034,0.5467066417519046,-1.2328930666388758,-1.4946949810860848
SYN2_0194,1.6374217769956476,1.058072548328871,1.0458044792588088,0.515062978684167,0.9332996580458758,-1.373203916443329,-0.2945944556892489
SYN2_0195,-0.0891909300038032,-0.7820316068924852,-1.3444012526569191,-0.9668463686448124,0.579383697055087,0.8941325298889962,1.4227357244792846
SYN2_0196,0.7105359315216959,-0.0869630409729816,0.1364334333061093,-0.8802847993928938,0.5474955784012333,1.2241981353766465,0.1062555922897671
SYN2_0197,-2.2423974500959325,-2.971947191536802,-0.8286185038837411,-0.690061473573044,0.1419035509459783,-2.3387012103166365,-0.6475014756350529
SYN2_0198,-2.1802408720065234,-0.0818445587179944,-0.036155817493122,-0.0214173821077157,-1.1110012832075642,-0.1503792309982135,-1.0142648725060264
SYN2_0199,0.4544636613698985,-0.1830236324416248,-0.5913321627839594,-0.0956455980701515,0.0226322647028476,-1.586266818346329,-2.8513788687616564
SYN2_0200,-0.1701888391450265,1.3897914102333724,0.4215449337770299,0.042790628301273,-0.045211386558921,-1.3930100211722027,-0.58806599127536
SYN2_0201,0.5202729619485308,-0.5033622094682535,-1.96520664927398,-0.1587146960234176,-0.7667250949931839,-1.1603906713021883,0.1316175386666958
SYN2_0202,-0.0527592305684348,0.3018368309152126,1.0129666482847737,-0.3297205385659137,1.2055440764262306,0.9665854683387128,1.5276257798315551
SYN2_0203,0.8013362642280016,-0.9586141920588312,-0.4216540681222506,-0.2953603557910426,0.8564379851320139,-1.457804076643217,-0.7465692762840838
SYN2_0204,1.22084592078883,0.8087098209169934,1.008100639337658,0.5794745808707185,-0.2885506098762889,0.2782360292345589,0.151282091443825
SYN2_0205,-0.6600295121420329,-0.3192784413602556,-1.6583228836719088,0.7266032115332182,1.6174918491901118,-0.1835973194780719,1.20339259874944
SYN2_0206,1.0040615040675365,2.7718126845562017,3.1678029928634737,-0.2418242631617159,0.2699080867887504,-0.1704041081791346,-1.7760780674850802
SYN2_0207,1.1144495977318851,1.1835733684680143,-0.027857920115124,-0.2747524864949935,-0.337787696669442,1.0843375588044897,-0.0992092701226918
SYN2_0208,0.5106871134825313,0.1625325224520896,-1.2124287580761035,-1.7423793927686364,-0.1824862709522725,-1.223179273134527,-1.354912927326803
SYN2_0209,-1.0373990343404853,0.8754206274611837,0.5466624631642941,-0.3525627108934706,-0.8706519890850349,1.828283134019662,-0.6377644941534572
SYN2_0210,0.4817128726335242,0.4253456513773548,1.2471380629481787,-0.8470437643517503,0.4498044449402174,-1.0747334605040362,-2.22357438692835
SYN2_0211,0.9793181769243632,-0.6513714754261322,0.4613498561244694,-0.0692378730933255,-1.2584033664466472,-2.140815390603572,0.0427087748140396
SYN2_0212,-1.2667925969787752,-0.8358889294937325,1.2903159813244336,0.643104596504629,-0.1032407065149048,-0.3743005338716171,1.993975244500344
SYN2_0213,0.1084688839606067,-0.2540304108861255,-0.6675736766589186,-0.5589472107926888,-0.2478335139102008,-0.6030998252702876,-1.348579562920895
SYN2_0214,0.8068132665672573,1.1281083540003316,0.0816912886453228,0.7304084270209473,-0.0513298226975802,0.1158917672459561,-1.2714897155483231
SYN2_0215,1.0739795561423318,1.6294202540879423,1.8657087220819375,1.1698462163213876,1.8795655511070783,0.1521388872161083,0.4453303766265306
SYN2_0216,1.3899133064203022,3.0531246234201848,1.073686302046662,0.2800771969665952,1.329927198433593,0.1464164544168646,0.1402582226060002
SYN2_0217,-0.6515536487957595,-0.3981584746025383,-0.0470887406807518,-0.9184657122526754,-0.9435320878430528,0.4077866917985201,0.2061855199869692
SYN2_0218,-1.6136841391885366,-0.3817521534590772,-0.6599909278962323,-0.0619708692592112,-0.130494382665362,-0.4907013975075729,-0.4740255355361212
SYN2_0219,-0.6579282662766681,-1.356217086977977,-0.5440385974810072,0.4219851185728777,1.3540304419310127,0.8645190907802538,0.1879258553856802
SYN2_0220,-1.1654638183745474,0.2116564283424498,1.649841976379548,-0.1725868918424669,0.4439828080458805,1.5373838347801632,-0.6191962069063163
SYN2_0221,0.6993967610304631,1.231639293660122,1.0756724506140338,1.3367450097560398,1.166776436520869,-0.186262389435918,-0.5718793438837055
SYN2_0222,1.0074401704760494,0.3957402264771433,0.6389281591323089,-0.4859675773026242,-0.935732337375728,-1.1097982149257206,-1.613883361417902
SYN2_0223,-0.2332501851210604,1.3859608169622004,0.3915372918437814,-0.438962604340012,0.2657495446331332,0.3984687043616839,1.1171035193329195
SYN2_0224,0.6780539079915983,0.2099235148882055,0.1436155825128428,0.5389066120109779,-0.5990736165559001,-0.0253026325242336,-0.5905661078104959
SYN2_0225,0.2139792072852475,0.8181398924865638,0.1081352702838373,-0.6677565727231014,-1.4617126267396778,-0.5951020090317,1.128002135216829
SYN2_0226,-0.2297775688617659,0.9754018101194536,0.9875495123520452,-0.2030923691535117,0.1873520802198492,-1.451418484928639,-1.741605521694521
SYN2_0227,0.5202516191614299,1.142045998959884,1.783713954730073,2.0583532958118425,-0.1826688545180236,0.2531672280571763,0.1197050462703473
SYN2_0228,-1.7714668740737014,-0.8147048929522809,0.7412233410642367,0.0873452072655756,-0.8244093829404788,-1.5829695796262455,0.7236895507679675
SYN2_0229,-1.1208751184046102,0.5698369561597284,-1.7235598499542086,0.3222704962878226,-0.1145378753589374,1.0517271665461445,1.0517036823506491
SYN2_0230,1.7791833656479288,-0.9825489173226424,-0.285346300280215,-0.5291847762673718,0.2769904470970762,0.2137900978837964,0.2938853673971455
SYN2_0231,0.7209938986562346,0.1036913147748308,0.7280593739230419,-0.354281599806948,-0.1299557048711464,-0.8530109978326835,-0.6140320745064892
SYN2_0232,-0.442354215901764,-0.3542748246951223,-0.7664481719048097,-1.161582460223527,-1.0178588308297405,-1.2586410379417337,-0.0644227477422383
SYN2_0233,-0.200944742700244,-1.7804101714326528,1.4556177640156398,0.9462931516286506,0.8632224027868913,-1.2306385546231011,-1.0061001378979195
SYN2_0234,-1.1988511929074128,-0.1616662963675498,-0.0364201663533705,0.3893176867016214,2.2191745664330877,2.20866445427713,0.5115522517547206
SYN2_0235,-0.567232157810162,1.7254621928434175,-0.4507558086114673,1.4397208263501071,1.3213874032672597,1.2716878335125272,0.2230356181718668
SYN2_0236,0.2470921166471863,0.2790597386329516,0.3771593352660635,-1.5026560033445029,-0.893046247676451,-0.4798299681415445,-0.0872731688999681
SYN2_0237,-1.22529381253139,-1.3607349480429296,-1.0765721789025258,-0.3886212089482325,-0.2440016927694649,-0.5788067263246062,-1.806582230970764
SYN2_0238,-0.2734998142827007,0.2581773385173529,0.2570533080660375,0.1346415570549249,0.7397694838885648,-0.2461655849872292,-1.3287528654272418
SYN2_0239,0.2823975757263146,3.8435279339963344,1.8184533558617144,0.24897633386939,-1.0155702883590747,-1.637388347810201,-1.051978504809549
SYN2_0240,0.2984339250952757,-0.3945695004067114,0.4095126675774942,0.804144378225792,0.3797672864200244,-0.5160028899289862,-2.0852986657427626
SYN2_0241,-2.117378615591013,1.0750442782598628,0.1079772676508027,-0.52194517491998,-0.4286933639889159,0.0805932615667086,0.1524011538609443
SYN2_0242,-0.8782323138567198,-0.6830073626811977,-0.3812829634696675,0.3965515075463272,0.7962477674772233,-0.7665858835349332,-0.9614137623631952
SYN2_0243,-0.4145516284093538,0.5854144004420838,0.763831471916238,0.9234857819342392,0.5724573429408618,-0.1068588066204779,-0.3622907553460146
SYN2_0244,2.2297699569054625,0.8914372311199827,-1.3628135741899767,-0.2514472441302489,-1.2544606415118156,1.028314959732114,0.5394456635938961
SYN2_0245,-0.5409404169326524,0.5943210624757241,1.889478847989811,0.2985584062891396,-1.658640534430908,-0.1050312875228503,-0.4118557940021494
SYN2_0246,-1.840130449329087,-0.5006452879261081,-0.6322239030283638,-1.4336988929383363,0.8207340240434143,1.1204705562427382,0.2486673360854267
SYN2_0247,1.009681899321552,1.04121432612004,-0.2272111299560569,-1.358598990603743,-1.394663787352726,-0.9426974337836088,-0.2532935660984114
SYN2_0248,-0.8865591245492732,0.6935243082202851,-1.7963110413251622,0.2043032881750109,0.1422413505420144,0.4278952398908861,0.4594348672294363
SYN2_0249,1.1003669017590452,0.1104612532733649,-1.218783413198104,-0.1289839818093213,-0.8220132404677226,-1.089095765391904,0.9951870156634676
SYN2_0250,-0.8430210839402865,-0.3151586078686595,-1.6792212591962306,-0.3368749292061754,0.4267339695318132,-0.3649234461842677,0.5263310953867237
SYN2_0251,0.7418274111209077,0.5722587208183978,-0.6412593905744443,0.1324110197517476,0.6221773108662679,0.0783317656672172,0.7405651825315376
SYN2_0252,-0.1214375311167082,-0.2330237093716413,0.1708108307956586,0.527356422260044,-0.1519333718984322,0.680767711032226,-0.0819145964262924
SYN2_0253,-0.2598561846416611,-0.9118529653989522,0.7712480503260171,0.7736281449760892,0.0903831266077153,-1.220099754739408,-0.6655839216395285
SYN2_0254,-0.2658902131343083,-0.7665448834145293,0.0187788329323996,0.4712812893111607,0.8446448024519441,-0.704270034224437,-1.3371450135349356
SYN2_0255,1.2785338495655496,-0.5004084717081193,-0.4296205433038,-0.885239827370842,0.0682935979295424,0.6893997391966779,0.914510247724224
SYN2_0256,0.6707811036126172,0.5488823739722473,0.1655043941700223,-0.9359009885064572,-0.4567751195616683,-1.0478827453491455,0.3116036755537617
SYN2_0257,1.219026887754692,-0.9769286427377564,0.1268747625270526,-0.2782107878579422,-0.7696193932655434,-0.2797444497901084,-0.0376926075765662
SYN2_0258,1.158499686437532,-0.2234460379332145,1.474446323361657,-0.7998061833890343,-0.843223386253679,-1.3885035049359091,-1.5414071108125196
SYN2_0259,-0.0301327294213004,-0.1233071176497119,0.9690195976782447,0.4116409090191938,-1.4247732319622168,-0.3646248801893197,1.7569879327822229
SYN2_0260,-0.8148143393383368,0.4125933534573036,1.0208566551652911,-0.0765984457107026,0.7120053929506313,-0.2268354567965282,-1.3454058505112605
SYN2_0261,1.3004177113679125,0.8302538090227592,-0.4596416645728239,-0.9239258583019286,0.4945574809442952,1.579422863116046,1.8902616706235755
SYN2_0262,-1.61767398760602,-0.5901150421196598,-0.2297350115264913,-0.4475152913243762,-2.241537644664123,-1.4922428748784438,0.2404691491955057
SYN2_0263,1.0562206007805168,0.4560351526245603,0.8362562827503075,1.4113841482744989,-0.0467351035324408,0.7726808344439087,0.5988770321166046
SYN2_0264,-0.6712524492384242,-2.2337261221989566,-0.1666172408805102,-1.2987264907035982,-0.6503968455170795,-1.0140071230091627,-0.889765059698292
SYN2_0265,-0.0743006042882666,1.705871532999501,-1.7308730385664794,-1.6039820985501363,-1.604123994014168,-0.5166753659380658,0.3031710979971235
SYN2_0266,-0.1552545861028738,-0.3059050736495662,-0.6171885526118832,-0.4136734309278483,0.436724452938086,-1.2395780179410902,-0.2926651744128585
SYN2_0267,-0.3658198858004776,-1.052045139749012,-0.4313887596182859,-0.6519422586767519,-0.5308925186593094,-0.7090843695004292,0.9521070252888736
SYN2_0268,-0.8311070181305713,-0.0086527706396224,0.2076395022284702,-1.0526662635403938,-0.8441913800065924,-1.3338147789748052,-1.048499077525367
SYN2_0269,0.6411198279253235,-1.0791647914042912,-1.7921297388214954,1.1104386304066054,-0.1446605163778391,-0.5745576680575711,0.8994059838624222
SYN2_0270,-0.6522073007771735,-0.3276556666558805,-1.0055136233888726,-0.9271515023175918,-1.164628196808995,-1.3172739585361164,-1.08812749622248
SYN2_0271,0.1815598153494585,0.3191546926037844,1.0032839553937432,-0.181132253703891,-1.3753118365622268,-0.1233797722894004,-0.2661306803999285
SYN2_0272,-0.0518308599596723,-0.8866143486468474,-0.4242441634529301,-0.7749768511853273,0.1204697317251753,-0.1418981960139562,-0.4010257108670523
SYN2_0273,0.3531876068660772,1.2100145096033654,0.964700908034822,0.7970043622042348,0.2654000745946502,1.2207962709588174,0.3364281409695852
SYN2_0274,0.4704701812252752,-0.7587202045053416,1.2307846109653484,0.954120840560394,-0.1615967029629515,-1.5279398577899583,-2.0865001993879573
SYN2_0275,-0.2698984112961331,-0.1887439810315959,-0.0952427791602433,-0.2525585718493562,-0.3989308455431507,-0.5118205262718715,-0.0149896819404333
SYN2_0276,-0.9564537472950676,0.7535148324779892,-0.2650718423209203,-0.5770838669196777,1.726803001075948,-0.3345960929405466,0.4100408600090003
SYN2_0277,-1.4203417892115615,-1.327351063336036,-0.2919591033438263,0.6355327999493899,-0.5723493256075052,-1.0351331279509246,0.1725730910237589
SYN2_0278,-1.1595723259802897,-0.5519806591526224,1.418367998562783,-0.6957230037513843,0.5181951148515276,-0.0101787650762695,1.1186907871056255
SYN2_0279,-0.0728690853974611,-0.4445003604213381,-0.6137315368278501,0.1023207397394534,-2.0869148889723426,-1.3899030779989223,-0.4690473103056189
SYN2_0280,0.2593992342952215,-0.977942867893508,-0.3422430617401238,0.0006611788325742,0.4983199086072363,0.7379464732730456,-0.2159464606829542
SYN2_0281,2.2483582308125496,0.8271401367833645,0.2082096118716945,-0.4058250909843446,-0.3344411602421758,2.216771780240686,1.061642266441717
SYN2_0282,-1.5131003684492752,-0.6794997708397481,-1.0392676114565766,-1.7196111560715297,-0.5946249451852724,0.3521376054066487,0.6482905686689511
SYN2_0283,-0.3274505090097467,0.7258196620992478,-0.2654500685540834,-0.5875704213597694,0.9699176608268302,1.1338168780743434,0.0326894170088642
SYN2_0284,0.4755322123077299,-0.8958741513123002,-0.3586540377510074,0.2066728976248524,-1.22369665856211,-0.5796333602491692,-0.3282733391051698
SYN2_0285,1.450638304077642,-0.7567969484353197,0.9356269997615104,2.188766194455621,1.9301244668459787,1.340916781344833,-0.7474360083627732
SYN2_0286,-1.2453290955103666,-0.3315070190155862,-1.7913799369860357,-0.8455695546110786,1.337678944436976,1.0063874147153162,-0.3725533522320995
SYN2_0287,0.5829298331093368,-0.2822637885520872,0.1791257639800775,0.3651373831664428,-0.3782791311111277,0.854137558065376,0.0227409235220193
SYN2_0288,-0.134967319641858,0.6471905044023996,0.4592348185866491,-1.1889390302179264,0.9029472990034302,0.064639526476296,0.3778489778547689
SYN2_0289,-2.4277228902154007,-1.4267025706630645,1.315514118714026,0.4041889251995408,1.0551348939902814,-0.3676306752271281,0.4244537108487849
SYN2_0290,0.6970291450836351,0.6940695796676879,-0.409215036954899,1.0411591104734093,2.181510026488352,0.2905544126386552,-0.1790729527379528
SYN2_0291,-0.6635774799877998,-0.0175138153543423,0.4942428632653476,0.1699411509539403,-1.000009730033659,-0.6029200338536428,-2.036256432979994
SYN2_0292,0.0069201270422449,1.215552186186958,-1.2132395468925412,-0.4334650057989437,1.0036811392868483,1.3682720293027335,1.3908328974550177
SYN2_0293,-1.5937460161368453,-1.5883930990664836,0.2139264670334547,0.1894076373506185,0.2674860649552928,0.4153681727404568,0.5392460193185942
SYN2_0294,-0.5987834865515168,-0.3056404030116025,0.5162483144647602,0.2045674922947335,-1.3920795941198532,-2.5250630367203657,0.8603150864211287
SYN2_0295,0.3751119579993418,0.2277759772267407,-0.2835958070674631,-0.3475785464161882,-0.9486738043530648,-0.0340329904579846,-1.1194046201659476
SYN2_0296,-1.6684350790670284,-0.895421367330267,-0.8988730852367083,-1.4396987520085447,-0.2557671459171199,0.3625424040282483,1.197548934641315
SYN2_0297,1.3555846691666156,-0.3053526772058944,-1.8412562499788403,-0.2467098065075816,-0.6730733244130198,0.3507805725099673,-0.2092585156033679
SYN2_0298,-0.258520063309189,-0.768123632000105,1.2073303013090586,1.6564634478263625,-0.5413818831376893,0.999072245391602,0.166966036310323
SYN2_0299,0.1850340401964678,-0.987219705727118,1.294512454509913,0.2453830828753834,1.295590110047725,-0.8357134504059223,0.3614624865876446
SYN2_0300,-0.1932170023007257,-1.088420776079924,0.0303832637234098,0.7994661465449525,2.766951656456345,1.5381614295409132,1.2194400624481705
SYN2_0301,0.2608222384700259,-0.5457265612768742,-0.2486737580667117,-0.2709109614787178,-1.423196633842144,-1.7146852889933577,-2.290098552504678
SYN2_0302,-0.7450806311397177,0.2587393925314571,0.2799249962949354,-0.4289269172776367,0.2329862917585593,-1.6019225548185236,-0.650664443092207
SYN2_0303,-0.2082122327592565,-0.5099209176963247,-1.049187919496745,0.6650435405641157,0.8853918689745564,2.245994678131523,-0.8807953406222562
SYN2_0304,-0.1551856833186999,-0.5255595648334752,0.1907877490572269,0.7983391206222775,0.2006900676764522,0.3556485198072275,-1.4337856224458416
SYN2_0305,0.0924341940248285,-0.2769139801480256,0.0008890834519487,-0.866568814497071,-1.2927700389964016,-0.7919284422132346,0.8049197739773515
SYN2_0306,-0.4568911901265441,-0.2789576794780455,0.82891678488721,1.215207992690965,-0.2968312444522438,0.4431936584567206,0.076117664355326
SYN2_0307,-0.0274508287912744,-0.5481335321647681,-0.931927572771858,-0.6354464488211576,0.7810966563898962,1.2796150240732982,-0.4664181050842746
SYN2_0308,2.113915900542059,-0.610193788360744,-0.972578657850932,-2.172516484637214,-0.0545254953899671,-0.8388528308676888,0.4395251576084624
SYN2_0309,-0.6405132203892339,0.1848334053258772,-0.3228940781500692,-1.6638393579129438,-1.0417191659875331,0.4745753319558087,0.6582073529060904
SYN2_0310,1.4298020371182667,0.2154770096048378,0.2021093299755942,-0.2772736431386267,0.8255844301096077,0.9801137513260142,-0.5382881855622597
SYN2_0311,-0.0811539198828493,-0.3627373762156468,0.2330490995710152,0.1108537292960231,-0.5300579758816437,-1.121833754489607,-0.1579909985891354
SYN2_0312,1.1426645835292473,-1.6011771883103847,-1.4195075485592528,0.2750370945117357,-0.0175542346900303,0.3909575234516258,-0.5269257448399143
SYN2_0313,-1.3829298730511692,-1.4461895446421318,-0.5915852259560392,-1.556557834523908,-0.8121607548270363,-0.1532580300894648,-0.7031724980549668
SYN2_0314,-0.3689302916386225,1.4023900095900446,-0.6620633635991486,0.4620222887352572,-0.1513684675557182,-1.294761893874541,1.052963869046381
SYN2_0315,0.4576747788534502,1.22777993445293,-0.025055325280855,1.555421646455414,0.296784171824382,1.861412463857983,-1.050459360116176
SYN2_0316,-1.0031274917005144,-0.6540538498144476,-0.901415417185632,-0.0023580073121775,-1.4178253046761475,-0.2441718576145329,-0.3524153894474657
SYN2_0317,-0.4372678264127915,0.7100821544315628,1.3069229558183295,0.5385443074167146,-1.0721893966767158,-0.1349605683937485,0.0160417021522118
SYN2_0318,0.2829659062386027,0.0688368059048268,-1.4669317325170332,0.4603141553899131,0.10105681136004,-0.963793086020869,-1.0370597277144966
SYN2_0319,1.0904046717750162,-0.7265916942716751,0.5190139769118446,1.5428494770708625,0.7449293713456018,-0.5901044136300848,0.5540624461373149
SYN2_0320,1.3052028098728623,0.4715676119509406,-0.1514648029760202,0.191540342201416,0.4020277675030402,0.3457934379565826,-0.1058217094098893
SYN2_0321,0.3200093558906164,-1.3768103766293072,-0.2469225814244298,0.1949239986903885,0.6386570236217156,0.1215106593823818,-1.8855010625640551
SYN2_0322,-0.0186580496062327,-0.4333896700470785,-1.6428958903960609,-1.8854798319958008,0.5198192518366764,1.1497075961259862,-0.3043030126826584
SYN2_0323,-0.5320010988325502,0.2922896974985378,-0.6550192810131419,0.2790582914936544,0.9947086134241344,-0.2009006202574103,-0.0846356310736906
SYN2_0324,0.3741633276453929,0.3664387266905829,0.4318384794725168,0.6905748709711447,-0.2989252102045772,-1.4587624522192226,1.5148738121075145
SYN2_0325,-1.0201350830822142,-0.8697429873990559,-0.0943599989373117,0.0848904106845058,1.1244548597210025,1.0190503170784313,0.8926606545063189
SYN2_0326,0.5309094034308031,1.336010827878388,0.3164432331099764,-0.2035995471916798,-1.8111349828589107,-1.8437831073146544,-0.9990794819885476
SYN2_0327,0.0524459528983738,-1.1394489225468265,-0.1250698368628665,-0.7345404727465631,-0.4418316080795019,-0.4223546193295591,-0.8366571419572574
SYN2_0328,0.4886514605213156,-0.0202030663557906,1.1970779473559376,1.8032585411619444,1.0622026204239523,-0.345568350999726,1.1475311614015646
SYN2_0329,1.090905086960745,-0.5366644973390282,-0.524104274335161,0.7307245413370967,1.0849625569113768,1.1530452165938212,1.4976546801405883
SYN2_0330,-0.2937347219313415,-0.4473072163790283,1.5731965418807572,-0.4966508007725366,-1.0373292555993754,-0.6485455923118826,0.0617997931237837
SYN2_0331,-0.0262947381180193,-0.3864920123963009,1.1004415768198614,1.1596678419655135,-1.2219319665823938,-1.051126478266144,-0.502194701751514
SYN2_0332,0.0959565509663297,0.2779651163451669,0.0379410496266865,0.6163623296871376,0.938518415487825,1.504691131776178,-0.1773310381175515
SYN2_0333,0.3089941317298835,0.3106266534203716,-0.1859337899936589,0.2827970290572766,1.5945967719847016,-1.0252638124286717,-0.081700223237357
SYN2_0334,0.8354642392958909,-0.5102292258449026,-0.0209703570448087,-1.0571899926983108,0.1016141730132983,0.0606891054289396,-1.1840690375360785
SYN2_0335,1.0736234077070137,0.3555419548246105,0.3886927108127392,0.7687682649461504,0.5754047053233458,-0.2054431372104505,0.9246082518489092
SYN2_0336,-0.0926926264174455,2.3397705197867733,1.008376808065077,-0.1445781340695656,-0.3965943894255652,-1.6063847077264155,-2.508733764512836
SYN2_0337,0.0595415178193017,-0.1374316709218381,0.7274808194199454,0.0357706242882461,-0.3742314670001287,-1.8034350897343816,-2.5570101374767207
SYN2_0338,-1.6326059177179637,-0.5850447890486217,2.57300833576634,2.0850737314969643,0.0108800172061693,0.4576215725690223,-0.6431133755696378
SYN2_0339,0.5610589829739309,-0.5271385700364737,0.8694545267048903,-0.6100029862805674,-0.2950612008162727,0.2843451772292341,0.1567650698070001
SYN2_0340,-0.0971054122606958,0.2749201374679478,1.2013428974757587,0.4995349369265247,1.5272688221793809,0.2319623098623785,-0.6037233364217685
SYN2_0341,-0.3862304014532338,0.2786590849984255,-1.2035498891677177,-1.2158944243195802,-0.61053910216909,0.1653397047705563,-2.068860071380155
SYN2_0342,0.759872451928333,-1.0114405712823802,1.5702864739071507,0.2169090043704045,1.5812637446399678,0.6800419804904653,0.4341690691284556
SYN2_0343,0.9484455570074632,0.7491977850218063,-0.5940812979366761,-0.324867508893861,-0.3611337184688967,-1.361435134081456,-2.114289806078344
SYN2_0344,0.3465385334885276,-0.1898223369136377,1.096203540202683,0.1801834214501255,-0.9980830532683528,-0.2523822297438201,0.8157690008592592
SYN2_0345,-0.2830360408136589,0.2428964117213861,1.0212686110509663,-0.3986517438142462,-0.8500166209989551,-0.6968137406856947,-0.5367669823893082
SYN2_0346,1.331763659532819,0.3764295534068251,1.037302731354983,0.4208816361175877,-0.3199649176334461,0.025160291327261,-0.6321387482730703
SYN2_0347,1.3904267686385283,0.6119886109306705,-0.506483003545367,0.6421194996146399,0.037212346431201,0.2593202968994025,-0.0601935298642205
SYN2_0348,0.2851364606354036,0.5857523978737736,-2.166642414137645,-2.4042874590564765,-1.3263541783334596,-0.9446020168546148,-0.993172997671193
SYN2_0349,1.207341777339631,0.1336318812855332,0.3553065622094085,-0.0741774979023121,0.0867021997643704,-0.3318641678259256,0.3547995449727964
SYN2_0350,-1.045103504419847,0.7223986456171525,-0.6574042568953159,0.2708908661420626,0.482722289406533,1.5743580925811902,0.3581637313824562
SYN2_0351,0.005061543951505,-1.4784203348254743,0.629482138409961,0.381022089074132,0.4737367098970241,-0.3006083640790313,0.5188504445136924
SYN2_0352,0.4245506428975885,-0.2172232302894234,0.5602537422766308,2.123010138331531,-1.33698797569441,-0.6923026995307849,0.9553556660677438
SYN2_0353,-0.6947779303922738,-0.1791532820488261,1.0078988971159646,1.453776940735661,1.33217636191662,-0.3189148578949984,-0.640444432565904
SYN2_0354,1.0306164468577106,0.263932468899805,-0.4009800395335931,-0.6555434699414472,-0.8558035196230152,-2.072971909127601,-1.0297655222132756
SYN2_0355,0.4021530135344747,1.79513851278095,-0.0005939759561439,-1.0148539580940066,-0.995822203746248,-1.0096843900638417,-1.0960183080476946
SYN2_0356,-2.9722512382909527,-0.7541814572308012,1.072117224202798,0.0202864718134541,0.3333545330299294,3.110127735689897,1.024974529742279
SYN2_0357,-1.3260836069346884,0.6390266924830267,-0.2572799525777245,0.3444180085038825,1.4269683998446427,1.5781124535309934,-0.5817365664480669
SYN2_0358,-1.234298031298619,0.0012475278319816,1.086435015496534,-0.3671970195309798,-1.6726050327539617,0.1529814184053314,0.0230642661405247
SYN2_0359,-0.3743685465685112,1.3916141973886158,0.7896914245908273,0.3176811581797661,0.6680658269694604,0.6543584404463217,1.3004589826132604
SYN2_0360,0.2556516454876105,0.160683230566864,-0.237463135527108,0.7722849369152782,1.418633537184616,0.3295210580839364,-0.7069100440748405
SYN2_0361,1.4417879134183105,-0.6139721690528341,-2.3065541410367114,-2.429950035161881,-1.7764331452437525,-0.328339574140236,1.1602940060189408
SYN2_0362,-0.2876570969517016,-0.4299418296766629,0.1448741605747174,0.8999136259243736,0.6945821642517637,-1.2425589381481852,-1.431026492454298
SYN2_0363,1.641550999337813,-0.3466825626170293,-0.9287457442346668,1.1844999836769907,0.0740100308443499,0.6855114776278253,1.364758843875664
SYN2_0364,0.5809470485468796,0.6580930537592732,-1.518983622633577,-1.4030620302583945,-1.0360561572065952,0.6393523649123972,1.1288731654813595
SYN2_0365,-1.5556694416184005,0.1681494380855119,0.9539415532416,0.976791090913076,-0.9622278810154362,0.2388370320233984,1.5944705736508356
SYN2_0366,-0.0236809783703461,1.8257214773094743,1.1870808201601444,0.7923329602314697,2.098547781354484,0.9611422643091304,-0.0688784952231847
SYN2_0367,0.2179953541500383,0.147199243327558,0.3118529327840765,-0.5344721652310743,0.0937162165223023,-0.1099228626222486,2.2161317659447946
SYN2_0368,1.1489419848211273,1.503593322032974,0.1104744502490542,0.2333244857592495,0.4823249146036094,-1.2658333771295427,-0.0055610632393972
SYN2_0369,0.2727091715364042,-0.5925287142018321,-0.4227725857897582,-0.4063633212947667,-1.2361284994041015,-0.6597570817598404,0.1524788020351479
SYN2_0370,-0.2990825062876909,0.6697883041098167,-1.1357477203052682,0.2570896847586628,-1.1598986366349004,-0.8489298610400585,0.6499208017748948
SYN2_0371,0.2474694112056291,0.9900289136330408,0.3661631272368834,0.5354377507932147,-0.2186315562759122,1.040232607314392,0.7764596578306415
SYN2_0372,1.0006826907481037,0.0670355074930014,-1.3164067556381158,-1.2827890436432376,-1.03767499177353,-0.8581351289369388,0.5811919178817948
SYN2_0373,-1.8896181463719708,-0.6002369300843565,-0.0746443573433127,1.6137598632913934,2.4303157567643674,0.5368763725598636,0.1859549043631206
SYN2_0374,-0.4400716904356152,-0.3829886145424481,-0.8730177749136602,0.1971947883583136,-0.6097883117850528,1.098080908053684,-0.7747925692392024
SYN2_0375,0.1426808063795332,0.2073796880501033,-1.6969855914026646,-0.6203146995765468,0.0407696755222943,-0.1641380189418657,-0.194598829491834
SYN2_0376,-0.2311290687887023,-1.7455011911927516,-1.3973474764823592,-0.4339461756661095,0.3659507190911908,0.8365218558997588,-1.0622397284283187
SYN2_0377,1.035913611555322,-0.4059904101199315,-0.5842022447852588,-0.1171347032900279,-1.0299250353179676,0.0062292116893636,1.1331201899615964
SYN2_0378,0.099802997828964,-1.5688785887311727,0.0179242052580428,0.9782453487209296,0.0185897526744792,0.2448317920247499,-0.1239618015952857
SYN2_0379,0.1985571112879111,0.1109641372762871,-0.057038835428678,0.3903466503068536,0.7646193918072077,-0.9471227102251696,-0.8290069184388523
SYN2_0380,0.2742923397613969,1.4206820141893337,-2.087771589276584,-0.7327218274739425,-0.6907277625644787,-0.6802740331556493,1.1536314644365702
SYN2_0381,0.3673233666227619,0.3033509054790664,-0.9247838468704274,-0.2531009782552598,-0.4520807629887199,0.1777068689926992,-0.3886503208584291
SYN2_0382,0.7973917072434875,0.1924393696792226,1.5129315651207131,0.8666278590826214,-0.4528490347670107,1.8265475511567693,0.9077014257188828
SYN2_0383,1.5960065624238409,-0.0376878665139445,-0.5358832271368887,-1.2602782310586174,1.2663553951667674,-0.1938111057185908,-0.2422037491126884
SYN2_0384,0.1713492276212368,0.3965816251851998,-0.5703498682230728,-0.0145948371665655,-0.2351714528308753,0.4913768931159705,1.447057976328722
SYN2_0385,0.9819331208747372,0.9316340404960048,2.3837493273998644,0.4823908614248153,0.231172779236781,-1.082718259001981,0.0186118753810897
SYN2_0386,0.1169817642095801,-1.339284527428092,-0.7894713327845547,0.2990418708452076,-0.5909119199230525,-0.5305289461495123,0.9252607765848208
SYN2_0387,0.2874719803678833,0.393290384209558,1.1771408500542575,1.6295765207144837,2.117566562393345,0.1134610491236573,1.3172279759921734
SYN2_0388,1.4807209345402164,1.0739951134520416,0.3757234045628524,0.5243567560623551,-1.2079197345146004,0.3305082366734015,-0.7966619161434411
SYN2_0389,1.2097746277221977,-1.7303125432437605,-2.587574322950866,-0.4285436561330581,-1.5175353880909888,-0.1472364951377176,-0.2018858595133137
SYN2_0390,-0.3659503333902044,0.3991573418145235,-1.5247437484847068,0.0976079995680864,-0.5014518635000977,-0.9789755102386012,-1.0467318235190282
SYN2_0391,-0.1840670369651243,0.43599064599311,-0.2311780756870669,-0.3796121170112343,-0.1438766608501598,-0.0403926181838196,-0.9655204503358924
SYN2_0392,0.458067116777806,0.6795741582142877,1.92745436328928,-0.1277856547374438,1.305187773963158,0.0170151570587179,1.0089001413243035
SYN2_0393,0.1910557804703999,0.0820160437866932,-0.6681207598893335,0.3961332146070854,-0.2439414941315241,0.2465671244351927,-0.2265364891851247
SYN2_0394,-0.9286126330312648,0.1073559848075518,0.6827287002382131,0.4479994275926874,-0.3937208275159777,1.0919208731926215,-0.4946877277475262
SYN2_0395,0.2276099340154233,1.3914243352539688,0.9229751230620212,0.8813866402702394,-1.5762901703756291,-1.677614490448018,-0.5739864906387437
SYN2_0396,-1.8832458110029504,0.7830584802423325,1.2531608081457646,2.067448777883039,2.677464602124881,0.7086142221980243,0.7941154264862986
SYN2_0397,1.16147016692213,1.2115303396832833,1.720236222452633,-1.6887153419262972,-0.1021307340998061,-0.4237184743700144,0.4384236386005364
SYN2_0398,-2.957428899798753,-0.0872730331351523,1.1094426393384014,0.7455757655843485,-0.1504950567967559,-0.9239620145556922,0.928814868659766
SYN2_0399,0.7181721920103011,0.9294170118237316,-0.6824054495780899,-1.8402792416727989,-0.7855670200718424,-0.5046415136078157,-1.57040984633575
SYN2_0400,-0.2091899282575975,-2.066746137607363,0.6047633982332699,0.3507439260918765,-0.499864936375695,-1.9178584451460456,-1.7510412679852243
SYN2_0401,-0.2725501415652085,-0.2253883042445734,0.3938320655664399,1.3327763128845889,0.4669618348539858,0.1315686399046492,0.8235499070674808
SYN2_0402,-0.7818160929296689,-0.4110433028177692,-0.0914220770335012,-1.550002678148006,-0.7990747545662612,-0.4164766668428354,-0.4835830116970311
SYN2_0403,-0.1011143855746672,0.658026434906666,0.6954616238389605,0.324238821408064,1.134525216484059,-0.130262175492481,1.8856359088016723
SYN2_0404,-1.4683474770272744,-1.3267828354245046,0.5634814125024971,1.619135628181482,2.610602109755826,2.1649495664794838,0.8334778152223629
SYN2_0405,-0.6114180448170736,-0.2395020539985578,-0.0141370447062821,0.854639290681665,0.1290651577759864,0.7566451010058645,-1.189437099337243
SYN2_0406,3.2103344262442004,2.1462072165564146,-0.3031916476638435,1.4427529766949188,1.320969523538965,-0.3990535144452413,1.5048114040253726
SYN2_0407,-0.5135336542631956,-0.25782016958254,0.0839964282109051,-0.0699356157536338,1.8315730300474016,0.6593477601899994,-0.5855295055372806
SYN2_0408,0.5192433194678058,-0.4994796871860826,0.0614693273182937,2.15425545737016,0.174808671702673,0.5871306885422328,-0.6774540758023997
SYN2_0409,2.102960275726764,-0.6910934820881816,-1.397499006688765,-0.8057714238730207,0.9300318807300132,1.4494389856711598,0.8883091782206749
SYN2_0410,0.9580612519638984,-1.2248872858790532,-0.5759397902065425,-0.7223269753045777,0.3371154152314245,-0.6375412687973748,0.4684277853088436
SYN2_0411,0.2710844329979714,0.3338738408370254,-0.9942828819664178,0.5205803726826358,0.6104255136942344,0.2275760157465658,-0.004552769937787
SYN2_0412,-0.9696528680387564,-1.5060706884453183,-0.3534910444159556,0.0559894437211936,-0.862070429138014,-0.8472866886690132,0.9510222055040916
SYN2_0413,-0.3528863530214059,-0.1238837459370445,0.8042252802904556,1.2981037068180443,-0.0644573529994145,-0.943444155828074,0.390847403081666
SYN2_0414,0.6039195918681326,0.544522417572833,-0.857841252707081,0.142222468966666,0.3241894030490243,0.9820541394069542,-0.2654241473109575
SYN2_0415,-0.0681107200203112,0.2158039741884351,0.985789118975158,-0.158978238995939,-0.4106252001482403,-0.5215972417864357,-0.8457104756975431
SYN2_0416,-0.8059989489340273,0.8613546655507963,-0.5250591086118938,-0.9165492189736236,-1.5358463731257057,-0.9667867772752036,-0.8064686097231484
SYN2_0417,0.0591909793044192,1.6204145985462908,-0.3549287808046706,0.1082636066261811,-0.8622080194103119,-0.0430077030107512,0.3432601233588784
SYN2_0418,0.7924173239069052,-1.417467961393971,0.0544225640050115,0.093667799106381,-0.2248402695829062,0.3978349898249421,0.144660769818397
SYN2_0419,-0.8126825147942495,0.1068269336219278,-0.4308053032312733,-3.092127020033252,-1.0930902558813833,-0.4238212276230557,0.7014611934725629
SYN2_0420,-0.7181920280015267,-0.4806272603291086,-0.8828643265677778,-1.663349465768282,-1.5391324573403231,-0.3886968879586224,-1.7491525946667417
SYN2_0421,1.037983060647921,-1.6849038416590216,0.3017048711145417,0.1215670020351078,0.5730759968910804,0.1237685161573642,-0.4879364983658799
SYN2_0422,0.2426651612903226,0.4607132677306506,-0.2444784006790901,0.8002572661297497,-0.0780666431179025,-0.4490426688473984,1.7781413701467157
SYN2_0423,-1.292823054920037,-0.5415183164857705,0.6230226760434822,-1.75072147660377,0.0268739895017128,-0.9038429820978836,-1.25510234663145
SYN2_0424,1.0919404428501829,-0.2333892129335305,-0.4080174969868293,-0.9081011159144126,-0.279544311340436,1.5834444074172545,0.9978599270077602
SYN2_0425,-0.6905082045244281,-0.0092976321205565,0.2064886053046622,1.5170023680741602,1.3282206974480557,-1.0091016764022718,0.0507685436264335
SYN2_0426,0.7727452839640022,1.675220486541183,0.9298475077814984,0.9381349378558548,0.3555591021536565,-1.3777361215844983,-0.3342058646454326
SYN2_0427,1.1674278443595447,0.7668762045771667,0.6732090974230132,0.4524622177747108,0.8142394664515866,-0.6671655093413836,-1.2592648859828606
SYN2_0428,-0.2880589472568363,-0.6223094236496998,-1.2850281069492593,-0.5309963358747245,-1.155431757338781,-0.979450669040341,-0.1627835246451751
SYN2_0429,0.2368501685510007,1.0537803161405448,0.4748562993661637,-0.2408251336616948,0.2322051063905512,0.4128830414581512,0.5517031597345229
SYN2_0430,0.8208930775790311,-0.5229945118856187,-1.8173634418910407,-0.712737191445747,-0.6224645449417108,0.7652254094778048,0.0860380467621735
SYN2_0431,-0.1332935468269921,-0.2166083942939942,-0.973119654185398,0.4735127540868649,-1.3026276666642285,-0.5159093085492611,0.84942104631783
SYN2_0432,-0.1714777440833902,-0.3546858288658255,-0.9660134242378132,0.2617110848587279,-0.313778086582349,0.0327935681136371,2.2000408198456225
SYN2_0433,-0.6436973402374888,1.0967392593632117,2.1358534790084227,2.092776513024864,2.163109063573572,1.5492980063082584,-0.3023484437633247
SYN2_0434,-0.1079636219273751,0.1012293002345404,0.0346202980679984,-1.9642381185304456,-1.0843977403399718,-1.7681420519329436,-0.8707427417357972
SYN2_0435,2.0173355098984858,1.0629872351874348,0.837013670501518,1.6492720799263911,1.0042461876740671,1.7560062422002205,0.3706533262462564
SYN2_0436,0.4489560186731409,-0.593736593446383,0.6846541135899674,0.1597749100521185,-0.207870314681745,1.125099543995307,-0.1446613924300094
SYN2_0437,0.5132055402286074,-0.2923376221488159,-0.7607601263599072,0.4897088501454618,-0.7113483212100292,1.1794006393203924,1.5214803416545568
SYN2_0438,0.0930051626343429,-1.4591589897102746,2.067925972899405,1.519848157168889,0.8290052011110379,0.347349142362894,-0.3153176606587071
SYN2_0439,1.2671567871874867,0.2696128331711598,0.0600768221041949,0.1573295422011988,-0.7749792086170187,-0.9321383699337088,0.0968109041742549
SYN2_0440,0.5964582528059243,-0.038050925089515,-0.97452036546088,-2.106588665201872,-0.8800569916958498,0.987219123376666,0.7710719515558032
SYN2_0441,-1.3830619361353471,-0.1563706749834326,-1.9930844291947416,0.0446235127195021,0.742526716542179,-0.3515690717878814,-1.8791241567921928
SYN2_0442,-1.328842772038822,-1.8435290550828745,0.0925237061220097,0.4118115860686246,-1.3247704284541082,-0.1044528475461734,0.8976578696876311
SYN2_0443,0.2717527239939643,-1.1768159664926665,-0.7507853054378226,0.3520852933272448,1.010940921830416,-0.0271247386053051,-0.0313605065861589
SYN2_0444,0.6694729362573094,-0.3195901272916399,-0.8283992996557542,-0.8139614447119153,0.5472540157068299,-0.8892200176118469,0.5245945344045483
SYN2_0445,0.4036733566951743,0.5504657132417876,-1.1941809406712507,0.2526121461475356,0.8607471790329183,0.5343055782245857,0.5915495090688894
SYN2_0446,-0.151832880149865,2.29684974727409,0.9832672648590814,0.6357982458135922,1.1487482712213473,0.7655432785181547,0.4473647404237842
SYN2_0447,0.7353947667094678,0.8899013490048898,0.6285343072133064,0.7029667592456393,0.1140806528743096,1.0492538486422676,-0.0829423633745776
SYN2_0448,-2.0375351033755686,-0.3696749898570805,-1.6208060495243808,-0.8598145331173244,-0.8751173720622908,0.0039718331769436,-0.1851519546914939
SYN2_0449,-1.2000840419349563,-0.7458644520044309,1.7205687069629036,1.3010202039022118,-0.0368424310377621,-0.2117265446585366,0.227980273869525
SYN2_0450,-0.0033323125039533,-0.45188406499394,-0.6451127109217716,-1.3326092164280618,-2.363667777022941,-0.7550884036164551,0.1777076539170366
SYN2_0451,0.8443944058447287,1.1226495286516622,0.653445536223057,3.128854162567293,1.744453635872386,0.2500862675105669,0.1915705374102559
SYN2_0452,1.366155273917898,0.63984388447375,-0.0720234643722635,0.1003917438945503,1.3087367940553418,2.519239769420232,0.2063081748283547
SYN2_0453,-0.9999271321850988,0.3343694573731752,0.584814259511508,1.613540101389312,0.9882317629533848,-1.207864841548104,0.0350801088475036
SYN2_0454,-1.9275733795277112,0.4379420677702245,-0.219594125463866,-0.1623281263520819,-1.125711532012867,-0.6150361036916743,0.2570664654327098
SYN2_0455,0.8693843185544484,0.6828305286807598,-1.0742577558589324,-1.0296987934405286,-0.1255457962323419,0.2844450243071265,2.501968816533119
SYN2_0456,-0.2634931014919361,-0.701087881768229,-0.3025658727590979,-0.3252533422020268,1.3937370982955095,0.4202657915647812,0.8756622189370686
SYN2_0457,0.9752349102740906,-0.1906376671211144,-0.0413334380760656,-0.4757685156214755,0.3529449902983786,2.812962362876895,1.7844948556129692
SYN2_0458,0.8671866197715534,0.3869378528587999,0.2534624503975016,0.3012986526788143,0.6697794616622648,1.128719303521602,0.3943629195053269
SYN2_0459,-0.1298265756038433,0.9724725933551522,-0.3884040317662421,-2.0596243647901025,0.5000746447944026,0.8140251078391194,1.5884609202663666
SYN2_0460,-0.2147669616968379,0.287223384457475,1.059904567151319,0.0292019641119842,-0.8043997538670686,-0.2804606020695743,0.7646998913486392
SYN2_0461,0.0716455941342371,1.6949875358228703,-0.5626009689310709,-1.546648189897757,-1.1923059875961828,0.2220812109048865,-0.8976715920310666
SYN2_0462,0.4600408493964836,-0.515252230868171,0.3121968445680338,1.109761114195194,1.951416423730388,-0.2254876022617724,0.9619357870496332
SYN2_0463,-1.4099057938750408,-0.1715701838713942,-1.2825167896269358,-0.137816702758267,1.0307638328372797,0.4787308354541101,-2.5069394261141653
SYN2_0464,-0.4119554097432827,1.41367442565846,-0.2869529866062308,-0.6613166466033719,0.3800868073128902,0.8296943829359583,0.1557935922415122
SYN2_0465,1.1092002290496188,0.8475820277958855,0.9961845003225372,-0.2080193302681246,-1.0342256262313303,0.1046624195008802,0.4118256040747701
SYN2_0466,-0.381380072670721,0.7634185734470845,-0.205113390907701,-1.4708275694543116,0.5222308835529105,2.180796581528873,0.907678039549873
SYN2_0467,-1.0379725739296009,1.842836700425829,-0.0674443067290482,0.0548330308434022,1.2703433062345844,0.0090381119755602,0.1374274625772162
SYN2_0468,0.2077309199357811,0.5967855109143345,1.122570179589266,-0.4297264979563385,0.2325635105511523,-1.976018371450016,0.4275541015140608
SYN2_0469,-2.1313390137097663,0.841603253041674,-0.0023030844544853,0.5109577213995903,1.53800206356488,0.2857439318510738,-0.268270722574871
SYN2_0470,-0.8374907480917271,-0.0386040020214012,1.064574086281788,1.4283811266703992,1.9784491365475283,2.5194638922767467,-1.158027897716137
SYN2_0471,0.9914975379485228,-0.330908220444667,-0.5219426816166336,-0.1486024461013905,-0.4182880619033253,-0.380957290878635,-0.6932446875719516
SYN2_0472,-0.5097150679341124,0.4484403301757793,-1.4174033275856206,-0.8552135803219904,0.0979857854423683,-1.2049159431049938,-1.1317226958241715
SYN2_0473,-0.3671801590989627,-0.3124536175127742,-1.0257642219810548,-0.7284840498872719,-0.7421884539685514,-0.4040027976750289,0.3637874137082177
SYN2_0474,-1.246025695598474,-0.9058101405345844,-0.3008599906803444,0.4705072726647445,-0.5798033707488147,1.2980594322432837,1.234646807053808
SYN2_0475,-0.423503584733321,1.8056356965885985,1.1989032143666478,1.1746996159704337,-1.2215296050044544,-0.9581840133993498,-1.3399268718222248
SYN2_0476,-0.6105770773512247,-1.0892396282195869,-0.0793961810596327,-0.2261425080340773,0.0968401692039102,0.6004598596340459,-1.9413229474426037
SYN2_0477,0.3191029568654436,-1.563583813186803,-0.2348902117563547,3.170222176989297,-0.0395959510996564,0.2587829496753335,-0.0979817024919435
SYN2_0478,1.9420673765108432,-0.0126510895027754,-0.3080607734427734,-1.044204859034451,-0.6554406295572481,0.019269963191828,-2.2584181320826358
SYN2_0479,-0.0349146694339361,-0.6651719508782863,0.5420012471990964,-0.204635339170924,7.13229300213652e-05,0.7985638561180982,0.5556745632004995
SYN2_0480,0.7726915571145809,0.0716611203492055,0.3433428876043919,1.3035453935934966,1.4381558617491863,-0.3285077539293262,-0.4400241150775275
SYN2_0481,-0.2854847179975719,0.7065879170763835,-1.4315582619301428,-0.2141825020245363,-0.2043928243427941,-1.0445500746374785,1.665779790797686
SYN2_0482,-0.4652243465880814,-0.0565918028305603,0.0976036435682037,1.1904687093187918,-0.5420834912315519,-1.2092520265674105,1.6669367724550552
SYN2_0483,-0.3473825712282288,0.8134532880150873,0.5983390204619907,-0.2984925828552968,-0.439085101480338,-0.6015784645501856,-0.2037588946662039
SYN2_0484,-0.217345352235322,0.5888673438034059,-0.4867113024969938,0.8399397167594597,-0.1653657896149478,-0.0786172394070573,-0.1637552750173373
SYN2_0485,0.0900512584262721,-1.492970096906002,-0.7506571159445596,-0.4334377336260128,-1.6516714250780278,-0.819742363769927,0.3482763394910527
SYN2_0486,0.4162471762155276,-0.0172293453337989,-0.3647911427576963,-0.0477884951966536,-1.2996232782625816,-0.2473155255627405,-1.2451031050129695
SYN2_0487,0.2356280720773247,1.2177141962673166,-0.617051065468022,0.3065351719834149,0.8708824007674625,0.2823158793221891,0.4558058425876461
SYN2_0488,-2.1222158325265257,-1.275181652875869,0.2567678545546595,-0.9357245713261332,-0.2060068981838989,1.1065720346439438,0.0461440038651085
SYN2_0489,0.025691463877721,-1.351244175686367,-2.8678632973138742,-1.805335806754956,-0.6955116596908362,-1.7101929380637728,1.0937026744585567
SYN2_0490,-0.4971312602125248,0.8978297733567899,0.2450038788066701,0.2148253006748149,-1.3035101951200685,-0.293293839889018,-0.6734920193947826
SYN2_0491,-0.6894680931371894,-0.4713198327180226,1.0415557664398425,-0.0596087117529389,0.8950411028379522,-0.7516913001068996,0.4649320364835885
SYN2_0492,0.7292813924363325,1.2168240669169836,0.6027532326652802,0.9497180843969062,-0.1890288519061486,1.235079322376749,-0.2505953960971536
SYN2_0493,0.5321321791071053,1.2740363534852492,0.36171945063651,-0.2062766114103764,0.2179130434565353,1.1378633068024937,0.8457157196970885
SYN2_0494,-0.4428183220416338,-0.064474327456842,0.4270146333216302,0.2604756723126822,0.0305814611220748,-0.0104410643033437,0.133754562391483
SYN2_0495,0.7501756659079751,0.0562325288334424,0.0467732747011015,-2.2670458073133117,-1.012641620680674,0.366100785779243,-0.9371265140739524
SYN2_0496,-0.6272309974010115,-1.7044097745780815,0.0316472987292139,0.1509213996113221,0.7169636110389193,0.5570090172085793,0.1150768690692733
SYN2_0497,-0.1930492433402421,-0.4682695447699047,0.0765201660235067,-0.5524562630781527,0.5521402794326747,2.3843196722955424,0.9504051266116322
SYN2_0498,0.8279766886736162,0.9511433179252132,1.3356582889244155,1.997794575671764,0.4511834283306343,-0.5447828711622118,2.2456694052670017
SYN2_0499,-0.353456008325662,-0.1331790552532755,-0.4543454459857293,-0.1593941981500056,-1.841748799478204,-0.7740217633092631,1.1338140165184725
