Strain,mean_rank,sd_rank,sil_alpha3,sil_mean
SYN1_0003,1.0,0.0,0.2779,0.2779
SYN1_0060,2.0,0.0,0.2779,0.2779
SYN1_0040,3.0,0.0,0.2779,0.2779
SYN1_0063,4.0,0.0,0.2779,0.2779
SYN1_0037,5.0,0.0,0.2779,0.2779
SYN1_0090,6.0,0.0,0.2779,0.2779
SYN1_0085,7.0,0.0,0.2779,0.2779
SYN1_0021,8.0,0.0,0.2779,0.2779
SYN1_0182,9.0,0.0,0.2779,0.2779
SYN1_0087,10.0,0.0,0.2779,0.2779
SYN1_0101,11.0,0.0,0.2779,0.2779
SYN1_0164,12.0,0.0,0.2779,0.2779
SYN1_0117,13.0,0.0,0.2779,0.2779
SYN1_0008,14.0,0.0,0.2779,0.2779
SYN1_0162,15.0,0.0,0.2779,0.2779
SYN1_0135,16.0,0.0,0.2779,0.2779
SYN1_0146,17.0,0.0,0.2779,0.2779
SYN1_0112,18.0,0.0,0.2779,0.2779
SYN1_0149,19.0,0.0,0.2779,0.2779
SYN1_0189,20.0,0.0,0.2779,0.2779
SYN1_0014,21.0,0.0,0.2779,0.2779
SYN1_0065,22.0,0.0,0.2779,0.2779
SYN1_0131,23.0,0.0,0.2779,0.2779
SYN1_0042,24.0,0.0,0.2779,0.2779
SYN1_0056,25.0,0.0,0.2779,0.2779
SYN1_0054,26.0,0.0,0.2779,0.2779
SYN1_0148,27.0,0.0,0.2779,0.2779
SYN1_0050,28.0,0.0,0.2779,0.2779
SYN1_0029,29.0,0.0,0.2779,0.2779
SYN1_0016,30.0,0.0,0.2779,0.2779
