Strain,mean_rank,sd_rank,rank_a1p0,rank_a2p0,rank_a3p0,rank_a5p0,rank_a10p0,sil_alpha3,sil_mean
SYN1_0003,1.0,0.0,1.0,1.0,1.0,1.0,1.0,0.2779,0.2779
SYN1_0060,2.0,0.0,2.0,2.0,2.0,2.0,2.0,0.2779,0.2779
SYN1_0040,3.0,0.0,3.0,3.0,3.0,3.0,3.0,0.2779,0.2779
SYN1_0063,4.0,0.0,4.0,4.0,4.0,4.0,4.0,0.2779,0.2779
SYN1_0037,5.0,0.0,5.0,5.0,5.0,5.0,5.0,0.2779,0.2779
SYN1_0090,6.0,0.0,6.0,6.0,6.0,6.0,6.0,0.2779,0.2779
SYN1_0085,7.0,0.0,7.0,7.0,7.0,7.0,7.0,0.2779,0.2779
SYN1_0021,8.0,0.0,8.0,8.0,8.0,8.0,8.0,0.2779,0.2779
SYN1_0182,9.0,0.0,9.0,9.0,9.0,9.0,9.0,0.2779,0.2779
SYN1_0087,10.0,0.0,10.0,10.0,10.0,10.0,10.0,0.2779,0.2779
SYN1_0101,11.0,0.0,11.0,11.0,11.0,11.0,11.0,0.2779,0.2779
SYN1_0164,12.0,0.0,12.0,12.0,12.0,12.0,12.0,0.2779,0.2779
SYN1_0117,13.0,0.0,13.0,13.0,13.0,13.0,13.0,0.2779,0.2779
SYN1_0008,14.0,0.0,14.0,14.0,14.0,14.0,14.0,0.2779,0.2779
SYN1_0162,15.0,0.0,15.0,15.0,15.0,15.0,15.0,0.2779,0.2779
SYN1_0135,16.0,0.0,16.0,16.0,16.0,16.0,16.0,0.2779,0.2779
SYN1_0146,17.0,0.0,17.0,17.0,17.0,17.0,17.0,0.2779,0.2779
SYN1_0112,18.0,0.0,18.0,18.0,18.0,18.0,18.0,0.2779,0.2779
SYN1_0149,19.0,0.0,19.0,19.0,19.0,19.0,19.0,0.2779,0.2779
SYN1_0189,20.0,0.0,20.0,20.0,20.0,20.0,20.0,0.2779,0.2779
SYN1_0014,21.0,0.0,21.0,21.0,21.0,21.0,21.0,0.2779,0.2779
SYN1_0065,22.0,0.0,22.0,22.0,22.0,22.0,22.0,0.2779,0.2779
SYN1_0131,23.0,0.0,23.0,23.0,23.0,23.0,23.0,0.2779,0.2779
SYN1_0042,24.0,0.0,24.0,24.0,24.0,24.0,24.0,0.2779,0.2779
SYN1_0056,25.0,0.0,25.0,25.0,25.0,25.0,25.0,0.2779,0.2779
SYN1_0054,26.0,0.0,26.0,26.0,26.0,26.0,26.0,0.2779,0.2779
SYN1_0148,27.0,0.0,27.0,27.0,27.0,27.0,27.0,0.2779,0.2779
SYN1_0050,28.0,0.0,28.0,28.0,28.0,28.0,28.0,0.2779,0.2779
SYN1_0029,29.0,0.0,29.0,29.0,29.0,29.0,29.0,0.2779,0.2779
SYN1_0016,30.0,0.0,30.0,30.0,30.0,30.0,30.0,0.2779,0.2779
SYN1_0011,31.0,0.0,31.0,31.0,31.0,31.0,31.0,0.2779,0.2779
SYN1_0120,32.0,0.0,32.0,32.0,32.0,32.0,32.0,0.2779,0.2779
SYN1_0195,33.0,0.0,33.0,33.0,33.0,33.0,33.0,0.2779,0.2779
SYN1_0030,34.0,0.0,34.0,34.0,34.0,34.0,34.0,0.2779,0.2779
SYN1_0094,35.0,0.0,35.0,35.0,35.0,35.0,35.0,0.2779,0.2779
SYN1_0071,36.0,0.0,36.0,36.0,36.0,36.0,36.0,0.2779,0.2779
SYN1_0052,37.0,0.0,37.0,37.0,37.0,37.0,37.0,0.2779,0.2779
SYN1_0068,38.0,0.0,38.0,38.0,38.0,38.0,38.0,0.2779,0.2779
SYN1_0017,39.0,0.0,39.0,39.0,39.0,39.0,39.0,0.2779,0.2779
SYN1_0057,40.0,0.0,40.0,40.0,40.0,40.0,40.0,0.2779,0.2779
SYN1_0036,41.0,0.0,41.0,41.0,41.0,41.0,41.0,0.2779,0.2779
SYN1_0144,42.0,0.0,42.0,42.0,42.0,42.0,42.0,0.2779,0.2779
SYN1_0136,43.0,0.0,43.0,43.0,43.0,43.0,43.0,0.2779,0.2779
SYN1_0073,44.0,0.0,44.0,44.0,44.0,44.0,44.0,0.2779,0.2779
SYN1_0048,45.0,0.0,45.0,45.0,45.0,45.0,45.0,0.2779,0.2779
SYN1_0049,46.0,0.0,46.0,46.0,46.0,46.0,46.0,0.2779,0.2779
SYN1_0045,47.0,0.0,47.0,47.0,47.0,47.0,47.0,0.2779,0.2779
SYN1_0167,48.0,0.0,48.0,48.0,48.0,48.0,48.0,0.2779,0.2779
SYN1_0002,49.0,0.0,49.0,49.0,49.0,49.0,49.0,0.2779,0.2779
SYN1_0187,50.0,0.0,50.0,50.0,50.0,50.0,50.0,0.2779,0.2779
SYN1_0020,51.0,0.0,51.0,51.0,51.0,51.0,51.0,0.2779,0.2779
SYN1_0043,52.0,0.0,52.0,52.0,52.0,52.0,52.0,0.2779,0.2779
SYN1_0173,53.0,0.0,53.0,53.0,53.0,53.0,53.0,0.2779,0.2779
SYN1_0001,54.0,0.0,54.0,54.0,54.0,54.0,54.0,0.2779,0.2779
SYN1_0183,55.0,0.0,55.0,55.0,55.0,55.0,55.0,0.2779,0.2779
SYN1_0115,56.0,0.0,56.0,56.0,56.0,56.0,56.0,0.2779,0.2779
SYN1_0194,57.0,0.0,57.0,57.0,57.0,57.0,57.0,0.2779,0.2779
SYN1_0126,58.0,0.0,58.0,58.0,58.0,58.0,58.0,0.2779,0.2779
SYN1_0061,59.0,0.0,59.0,59.0,59.0,59.0,59.0,0.2779,0.2779
SYN1_0000,60.0,0.0,60.0,60.0,60.0,60.0,60.0,0.2779,0.2779
SYN1_0025,61.0,0.0,61.0,61.0,61.0,61.0,61.0,0.2779,0.2779
SYN1_0104,62.0,0.0,62.0,62.0,62.0,62.0,62.0,0.2779,0.2779
SYN1_0174,63.0,0.0,63.0,63.0,63.0,63.0,63.0,0.2779,0.2779
SYN1_0105,64.0,0.0,64.0,64.0,64.0,64.0,64.0,0.2779,0.2779
SYN1_0069,65.0,0.0,65.0,65.0,65.0,65.0,65.0,0.2779,0.2779
SYN1_0005,66.0,0.0,66.0,66.0,66.0,66.0,66.0,0.2779,0.2779
SYN1_0010,67.0,0.0,67.0,67.0,67.0,67.0,67.0,0.2779,0.2779
SYN1_0110,68.0,0.0,68.0,68.0,68.0,68.0,68.0,0.2779,0.2779
SYN1_0145,69.0,0.0,69.0,69.0,69.0,69.0,69.0,0.2779,0.2779
SYN1_0044,70.0,0.0,70.0,70.0,70.0,70.0,70.0,0.2779,0.2779
SYN1_0012,71.0,0.0,71.0,71.0,71.0,71.0,71.0,0.2779,0.2779
SYN1_0199,72.0,0.0,72.0,72.0,72.0,72.0,72.0,0.2779,0.2779
SYN1_0033,73.0,0.0,73.0,73.0,73.0,73.0,73.0,0.2779,0.2779
SYN1_0075,74.0,0.0,74.0,74.0,74.0,74.0,74.0,0.2779,0.2779
SYN1_0150,75.0,0.0,75.0,75.0,75.0,75.0,75.0,0.2779,0.2779
SYN1_0080,76.0,0.0,76.0,76.0,76.0,76.0,76.0,0.2779,0.2779
SYN1_0051,77.0,0.0,77.0,77.0,77.0,77.0,77.0,0.2779,0.2779
SYN1_0158,78.0,0.0,78.0,78.0,78.0,78.0,78.0,0.2779,0.2779
SYN1_0154,79.0,0.0,79.0,79.0,79.0,79.0,79.0,0.2779,0.2779
SYN1_0128,80.0,0.0,80.0,80.0,80.0,80.0,80.0,0.2779,0.2779
SYN1_0160,81.0,0.0,81.0,81.0,81.0,81.0,81.0,0.2779,0.2779
SYN1_0064,82.0,0.0,82.0,82.0,82.0,82.0,82.0,0.2779,0.2779
SYN1_0190,83.0,0.0,83.0,83.0,83.0,83.0,83.0,0.2779,0.2779
SYN1_0138,84.0,0.0,84.0,84.0,84.0,84.0,84.0,0.2779,0.2779
SYN1_0074,85.0,0.0,85.0,85.0,85.0,85.0,85.0,0.2779,0.2779
SYN1_0118,86.0,0.0,86.0,86.0,86.0,86.0,86.0,0.2779,0.2779
SYN1_0089,87.0,0.0,87.0,87.0,87.0,87.0,87.0,0.2779,0.2779
SYN1_0157,88.0,0.0,88.0,88.0,88.0,88.0,88.0,0.2779,0.2779
SYN1_0026,89.0,0.0,89.0,89.0,89.0,89.0,89.0,0.2779,0.2779
SYN1_0122,90.0,0.0,90.0,90.0,90.0,90.0,90.0,0.2779,0.2779
SYN1_0078,91.0,0.0,91.0,91.0,91.0,91.0,91.0,0.2779,0.2779
SYN1_0119,92.0,0.0,92.0,92.0,92.0,92.0,92.0,0.2779,0.2779
SYN1_0053,93.0,0.0,93.0,93.0,93.0,93.0,93.0,0.2779,0.2779
SYN1_0007,94.0,0.0,94.0,94.0,94.0,94.0,94.0,0.2779,0.2779
SYN1_0076,95.0,0.0,95.0,95.0,95.0,95.0,95.0,0.2779,0.2779
SYN1_0156,96.0,0.0,96.0,96.0,96.0,96.0,96.0,0.2779,0.2779
SYN1_0047,97.0,0.0,97.0,97.0,97.0,97.0,97.0,0.2779,0.2779
SYN1_0013,98.0,0.0,98.0,98.0,98.0,98.0,98.0,0.2779,0.2779
SYN1_0179,99.0,0.0,99.0,99.0,99.0,99.0,99.0,0.2779,0.2779
SYN1_0107,100.0,0.0,100.0,100.0,100.0,100.0,100.0,0.2779,0.2779
SYN1_0034,101.0,0.0,101.0,101.0,101.0,101.0,101.0,0.2779,0.2779
SYN1_0191,102.0,0.0,102.0,102.0,102.0,102.0,102.0,0.2779,0.2779
SYN1_0176,103.0,0.0,103.0,103.0,103.0,103.0,103.0,0.2779,0.2779
SYN1_0019,104.0,0.0,104.0,104.0,104.0,104.0,104.0,0.2779,0.2779
SYN1_0169,105.0,0.0,105.0,105.0,105.0,105.0,105.0,0.2779,0.2779
SYN1_0133,106.0,0.0,106.0,106.0,106.0,106.0,106.0,0.2779,0.2779
SYN1_0027,107.0,0.0,107.0,107.0,107.0,107.0,107.0,0.2779,0.2779
SYN1_0055,108.0,0.0,108.0,108.0,108.0,108.0,108.0,0.2779,0.2779
SYN1_0147,109.0,0.0,109.0,109.0,109.0,109.0,109.0,0.2779,0.2779
SYN1_0084,110.0,0.0,110.0,110.0,110.0,110.0,110.0,0.2779,0.2779
SYN1_0161,111.0,0.0,111.0,111.0,111.0,111.0,111.0,0.2779,0.2779
SYN1_0095,112.0,0.0,112.0,112.0,112.0,112.0,112.0,0.2779,0.2779
SYN1_0028,113.0,0.0,113.0,113.0,113.0,113.0,113.0,0.2779,0.2779
SYN1_0038,114.0,0.0,114.0,114.0,114.0,114.0,114.0,0.2779,0.2779
SYN1_0088,115.0,0.0,115.0,115.0,115.0,115.0,115.0,0.2779,0.2779
SYN1_0171,116.0,0.0,116.0,116.0,116.0,116.0,116.0,0.2779,0.2779
SYN1_0121,117.0,0.0,117.0,117.0,117.0,117.0,117.0,0.2779,0.2779
SYN1_0142,118.0,0.0,118.0,118.0,118.0,118.0,118.0,0.2779,0.2779
SYN1_0140,119.0,0.0,119.0,119.0,119.0,119.0,119.0,0.2779,0.2779
SYN1_0031,120.0,0.0,120.0,120.0,120.0,120.0,120.0,0.2779,0.2779
SYN1_0139,121.0,0.0,121.0,121.0,121.0,121.0,121.0,0.2779,0.2779
SYN1_0197,122.0,0.0,122.0,122.0,122.0,122.0,122.0,0.2779,0.2779
SYN1_0096,123.0,0.0,123.0,123.0,123.0,123.0,123.0,0.2779,0.2779
SYN1_0175,124.0,0.0,124.0,124.0,124.0,124.0,124.0,0.2779,0.2779
SYN1_0035,125.0,0.0,125.0,125.0,125.0,125.0,125.0,0.2779,0.2779
SYN1_0196,126.0,0.0,126.0,126.0,126.0,126.0,126.0,0.2779,0.2779
SYN1_0188,127.0,0.0,127.0,127.0,127.0,127.0,127.0,0.2779,0.2779
SYN1_0062,128.0,0.0,128.0,128.0,128.0,128.0,128.0,0.2779,0.2779
SYN1_0134,129.0,0.0,129.0,129.0,129.0,129.0,129.0,0.2779,0.2779
SYN1_0143,130.0,0.0,130.0,130.0,130.0,130.0,130.0,0.2779,0.2779
SYN1_0125,131.0,0.0,131.0,131.0,131.0,131.0,131.0,0.2779,0.2779
SYN1_0165,132.0,0.0,132.0,132.0,132.0,132.0,132.0,0.2779,0.2779
SYN1_0032,133.0,0.0,133.0,133.0,133.0,133.0,133.0,0.2779,0.2779
SYN1_0163,134.0,0.0,134.0,134.0,134.0,134.0,134.0,0.2779,0.2779
SYN1_0111,135.0,0.0,135.0,135.0,135.0,135.0,135.0,0.2779,0.2779
SYN1_0070,136.0,0.0,136.0,136.0,136.0,136.0,136.0,0.2779,0.2779
SYN1_0166,137.0,0.0,137.0,137.0,137.0,137.0,137.0,0.2779,0.2779
SYN1_0124,138.0,0.0,138.0,138.0,138.0,138.0,138.0,0.2779,0.2779
SYN1_0177,139.0,0.0,139.0,139.0,139.0,139.0,139.0,0.2779,0.2779
SYN1_0170,140.0,0.0,140.0,140.0,140.0,140.0,140.0,0.2779,0.2779
SYN1_0152,141.0,0.0,141.0,141.0,141.0,141.0,141.0,0.2779,0.2779
SYN1_0116,142.0,0.0,142.0,142.0,142.0,142.0,142.0,0.2779,0.2779
SYN1_0041,143.0,0.0,143.0,143.0,143.0,143.0,143.0,0.2779,0.2779
SYN1_0023,144.0,0.0,144.0,144.0,144.0,144.0,144.0,0.2779,0.2779
SYN1_0141,145.0,0.0,145.0,145.0,145.0,145.0,145.0,0.2779,0.2779
SYN1_0172,146.0,0.0,146.0,146.0,146.0,146.0,146.0,0.2779,0.2779
SYN1_0113,147.0,0.0,147.0,147.0,147.0,147.0,147.0,0.2779,0.2779
SYN1_0184,148.0,0.0,148.0,148.0,148.0,148.0,148.0,0.2779,0.2779
SYN1_0168,149.0,0.0,149.0,149.0,149.0,149.0,149.0,0.2779,0.2779
SYN1_0185,150.0,0.0,150.0,150.0,150.0,150.0,150.0,0.2779,0.2779
SYN1_0081,151.0,0.0,151.0,151.0,151.0,151.0,151.0,0.2779,0.2779
SYN1_0093,152.0,0.0,152.0,152.0,152.0,152.0,152.0,0.2779,0.2779
SYN1_0180,153.0,0.0,153.0,153.0,153.0,153.0,153.0,0.2779,0.2779
SYN1_0109,154.0,0.0,154.0,154.0,154.0,154.0,154.0,0.2779,0.2779
SYN1_0132,155.0,0.0,155.0,155.0,155.0,155.0,155.0,0.2779,0.2779
SYN1_0098,156.0,0.0,156.0,156.0,156.0,156.0,156.0,0.2779,0.2779
SYN1_0009,157.0,0.0,157.0,157.0,157.0,157.0,157.0,0.2779,0.2779
SYN1_0108,158.0,0.0,158.0,158.0,158.0,158.0,158.0,0.2779,0.2779
SYN1_0018,159.0,0.0,159.0,159.0,159.0,159.0,159.0,0.2779,0.2779
SYN1_0077,160.0,0.0,160.0,160.0,160.0,160.0,160.0,0.2779,0.2779
SYN1_0130,161.0,0.0,161.0,161.0,161.0,161.0,161.0,0.2779,0.2779
SYN1_0186,162.0,0.0,162.0,162.0,162.0,162.0,162.0,0.2779,0.2779
SYN1_0091,163.0,0.0,163.0,163.0,163.0,163.0,163.0,0.2779,0.2779
SYN1_0066,164.0,0.0,164.0,164.0,164.0,164.0,164.0,0.2779,0.2779
SYN1_0022,165.0,0.0,165.0,165.0,165.0,165.0,165.0,0.2779,0.2779
SYN1_0106,166.0,0.0,166.0,166.0,166.0,166.0,166.0,0.2779,0.2779
SYN1_0079,167.0,0.0,167.0,167.0,167.0,167.0,167.0,0.2779,0.2779
SYN1_0086,168.0,0.0,168.0,168.0,168.0,168.0,168.0,0.2779,0.2779
SYN1_0083,169.0,0.0,169.0,169.0,169.0,169.0,169.0,0.2779,0.2779
SYN1_0099,170.0,0.0,170.0,170.0,170.0,170.0,170.0,0.2779,0.2779
SYN1_0193,171.0,0.0,171.0,171.0,171.0,171.0,171.0,0.2779,0.2779
SYN1_0159,172.0,0.0,172.0,172.0,172.0,172.0,172.0,0.2779,0.2779
SYN1_0100,173.0,0.0,173.0,173.0,173.0,173.0,173.0,0.2779,0.2779
SYN1_0127,174.0,0.0,174.0,174.0,174.0,174.0,174.0,0.2779,0.2779
SYN1_0004,175.0,0.0,175.0,175.0,175.0,175.0,175.0,0.2779,0.2779
SYN1_0151,176.0,0.0,176.0,176.0,176.0,176.0,176.0,0.2779,0.2779
SYN1_0198,177.0,0.0,177.0,177.0,177.0,177.0,177.0,0.2779,0.2779
SYN1_0178,178.0,0.0,178.0,178.0,178.0,178.0,178.0,0.2779,0.2779
SYN1_0082,179.0,0.0,179.0,179.0,179.0,179.0,179.0,0.2779,0.2779
SYN1_0024,180.0,0.0,180.0,180.0,180.0,180.0,180.0,0.2779,0.2779
SYN1_0153,181.0,0.0,181.0,181.0,181.0,181.0,181.0,0.2779,0.2779
SYN1_0192,182.0,0.0,182.0,182.0,182.0,182.0,182.0,0.2779,0.2779
SYN1_0123,183.0,0.0,183.0,183.0,183.0,183.0,183.0,0.2779,0.2779
SYN1_0102,184.0,0.0,184.0,184.0,184.0,184.0,184.0,0.2779,0.2779
SYN1_0006,185.0,0.0,185.0,185.0,185.0,185.0,185.0,0.2779,0.2779
SYN1_0103,186.0,0.0,186.0,186.0,186.0,186.0,186.0,0.2779,0.2779
SYN1_0114,187.0,0.0,187.0,187.0,187.0,187.0,187.0,0.2779,0.2779
SYN1_0092,188.0,0.0,188.0,188.0,188.0,188.0,188.0,0.2779,0.2779
SYN1_0072,189.0,0.0,189.0,189.0,189.0,189.0,189.0,0.2779,0.2779
SYN1_0015,190.0,0.0,190.0,190.0,190.0,190.0,190.0,0.2779,0.2779
SYN1_0181,191.0,0.0,191.0,191.0,191.0,191.0,191.0,0.2779,0.2779
SYN1_0137,192.0,0.0,192.0,192.0,192.0,192.0,192.0,0.2779,0.2779
SYN1_0097,193.0,0.0,193.0,193.0,193.0,193.0,193.0,0.2779,0.2779
SYN1_0039,194.0,0.0,194.0,194.0,194.0,194.0,194.0,0.2779,0.2779
SYN1_0058,195.0,0.0,195.0,195.0,195.0,195.0,195.0,0.2779,0.2779
SYN1_0155,196.0,0.0,196.0,196.0,196.0,196.0,196.0,0.2779,0.2779
SYN1_0129,197.0,0.0,197.0,197.0,197.0,197.0,197.0,0.2779,0.2779
SYN1_0046,198.0,0.0,198.0,198.0,198.0,198.0,198.0,0.2779,0.2779
SYN1_0067,199.0,0.0,199.0,199.0,199.0,199.0,199.0,0.2779,0.2779
SYN1_0059,200.0,0.0,200.0,200.0,200.0,200.0,200.0,0.2779,0.2779
