Strain,AD_distance,AD_rank,Euclidean_distance,Euclidean_rank
SYN1_0003,9.395,1,7.439,1
SYN1_0060,10.822,2,8.153,3
SYN1_0040,12.973,3,7.962,2
SYN1_0063,13.919,4,8.218,5
SYN1_0037,13.967,5,8.171,4
SYN1_0090,15.198,6,9.251,25
SYN1_0085,15.427,7,8.39,7
SYN1_0021,15.698,8,8.652,10
SYN1_0182,15.708,9,9.412,33
SYN1_0087,16.722,10,8.247,6
SYN1_0101,16.903,11,9.274,26
SYN1_0164,16.939,12,8.982,15
SYN1_0117,16.989,13,8.452,8
SYN1_0008,17.333,14,8.878,12
SYN1_0162,17.4,15,9.284,27
SYN1_0135,17.451,16,9.033,18
SYN1_0146,17.5,17,9.021,17
SYN1_0112,17.704,18,9.112,20
SYN1_0149,17.848,19,9.213,24
SYN1_0189,18.015,20,8.782,11
SYN1_0014,18.142,21,9.767,49
SYN1_0065,18.461,22,10.54,72
SYN1_0131,18.722,23,9.201,23
SYN1_0042,19.002,24,9.754,48
SYN1_0056,19.01,25,9.185,22
SYN1_0054,19.2,26,9.402,32
SYN1_0148,19.223,27,9.012,16
SYN1_0050,19.338,28,10.193,60
SYN1_0029,19.522,29,9.15,21
SYN1_0016,19.533,30,9.562,39
SYN1_0011,19.551,31,9.715,45
SYN1_0120,19.556,32,9.054,19
SYN1_0195,19.593,33,8.58,9
SYN1_0030,19.871,34,9.505,34
SYN1_0094,19.964,35,9.697,44
SYN1_0071,19.973,36,10.059,55
SYN1_0052,20.009,37,10.121,56
SYN1_0068,20.054,38,8.931,13
SYN1_0017,20.122,39,9.51,35
SYN1_0057,20.218,40,9.679,43
SYN1_0036,20.289,41,9.557,38
SYN1_0144,20.391,42,9.353,30
SYN1_0136,20.551,43,10.568,75
SYN1_0073,20.618,44,8.953,14
SYN1_0048,20.678,45,10.419,66
SYN1_0049,20.981,46,9.789,50
SYN1_0045,21.014,47,9.794,51
SYN1_0167,21.136,48,9.311,28
SYN1_0002,21.325,49,10.45,67
SYN1_0187,21.383,50,10.61,78
SYN1_0020,21.407,51,9.615,41
SYN1_0043,21.489,52,10.476,68
SYN1_0173,21.575,53,10.544,73
SYN1_0001,21.676,54,10.416,65
SYN1_0183,21.77,55,9.547,37
SYN1_0115,21.88,56,10.184,58
SYN1_0194,22.191,57,9.519,36
SYN1_0126,22.214,58,9.616,42
SYN1_0061,22.305,59,10.539,71
SYN1_0000,22.575,60,10.664,80
SYN1_0025,22.613,61,9.336,29
SYN1_0104,22.628,62,11.178,104
SYN1_0174,22.769,63,10.781,87
SYN1_0105,22.819,64,10.6,77
SYN1_0069,22.82,65,11.188,105
SYN1_0005,23.007,66,10.031,54
SYN1_0010,23.256,67,10.243,61
SYN1_0110,23.39,68,9.749,47
SYN1_0145,23.421,69,9.582,40
SYN1_0044,23.469,70,10.309,63
SYN1_0012,23.59,71,9.724,46
SYN1_0199,23.922,72,11.549,130
SYN1_0033,23.96,73,11.747,139
SYN1_0075,23.991,74,9.985,53
SYN1_0150,24.01,75,9.391,31
SYN1_0080,24.285,76,10.122,57
SYN1_0051,24.422,77,10.887,91
SYN1_0158,24.471,78,10.188,59
SYN1_0154,24.481,79,10.799,88
SYN1_0128,24.501,80,10.954,92
SYN1_0160,24.527,81,10.558,74
SYN1_0064,24.619,82,10.341,64
SYN1_0190,24.779,83,10.715,83
SYN1_0138,24.814,84,10.877,90
SYN1_0074,24.86,85,10.533,70
SYN1_0118,24.996,86,10.804,89
SYN1_0089,25.047,87,11.14,100
SYN1_0157,25.076,88,9.882,52
SYN1_0026,25.076,89,10.69,82
SYN1_0122,25.151,90,11.2,106
SYN1_0078,25.154,91,11.404,121
SYN1_0119,25.266,92,11.349,118
SYN1_0053,25.315,93,11.003,98
SYN1_0007,25.324,94,11.987,152
SYN1_0076,25.324,95,10.995,97
SYN1_0156,25.46,96,10.279,62
SYN1_0047,25.482,97,11.636,136
SYN1_0013,25.56,98,11.168,103
SYN1_0179,25.606,99,10.574,76
SYN1_0107,25.71,100,10.773,86
SYN1_0034,25.729,101,11.355,119
SYN1_0191,25.733,102,11.054,99
SYN1_0176,25.819,103,11.765,142
SYN1_0019,26.173,104,11.361,120
SYN1_0169,26.418,105,10.644,79
SYN1_0133,26.745,106,11.32,116
SYN1_0027,27.002,107,10.966,93
SYN1_0055,27.105,108,10.967,94
SYN1_0147,27.126,109,10.759,85
SYN1_0084,27.339,110,10.988,96
SYN1_0161,27.469,111,11.271,110
SYN1_0095,27.489,112,12.118,159
SYN1_0028,27.506,113,11.278,112
SYN1_0038,27.545,114,11.753,140
SYN1_0088,27.562,115,11.499,128
SYN1_0171,27.609,116,11.252,109
SYN1_0121,27.706,117,11.772,143
SYN1_0142,28.145,118,10.523,69
SYN1_0140,28.567,119,11.166,102
SYN1_0031,28.602,120,11.811,146
SYN1_0139,28.625,121,11.424,122
SYN1_0197,28.654,122,11.858,150
SYN1_0096,28.66,123,10.98,95
SYN1_0175,28.674,124,11.431,123
SYN1_0035,28.754,125,12.235,165
SYN1_0196,28.787,126,11.605,133
SYN1_0188,28.875,127,12.807,181
SYN1_0062,29.035,128,11.55,131
SYN1_0134,29.152,129,11.814,147
SYN1_0143,29.181,130,11.232,108
SYN1_0125,29.23,131,10.677,81
SYN1_0165,29.37,132,11.818,148
SYN1_0032,29.433,133,11.287,114
SYN1_0163,29.438,134,12.297,166
SYN1_0111,29.589,135,11.277,111
SYN1_0070,29.597,136,12.459,175
SYN1_0166,29.619,137,12.196,162
SYN1_0124,29.679,138,11.442,126
SYN1_0177,29.786,139,12.804,180
SYN1_0170,29.92,140,11.756,141
SYN1_0152,29.923,141,12.207,164
SYN1_0116,30.118,142,11.159,101
SYN1_0041,30.21,143,12.109,158
SYN1_0023,30.502,144,11.618,134
SYN1_0141,30.531,145,11.567,132
SYN1_0172,30.597,146,10.754,84
SYN1_0113,30.826,147,11.624,135
SYN1_0184,30.853,148,11.278,113
SYN1_0168,31.01,149,12.012,154
SYN1_0185,31.07,150,11.808,145
SYN1_0081,31.15,151,12.15,160
SYN1_0093,31.312,152,11.458,127
SYN1_0180,31.346,153,11.806,144
SYN1_0109,31.356,154,11.851,149
SYN1_0132,31.368,155,11.687,138
SYN1_0098,31.553,156,11.432,124
SYN1_0009,31.721,157,12.155,161
SYN1_0108,31.904,158,11.34,117
SYN1_0018,32.017,159,11.967,151
SYN1_0077,32.108,160,11.306,115
SYN1_0130,32.272,161,12.376,170
SYN1_0186,32.366,162,11.543,129
SYN1_0091,32.399,163,12.838,182
SYN1_0066,32.424,164,12.401,172
SYN1_0022,32.443,165,12.007,153
SYN1_0106,32.459,166,12.5,176
SYN1_0079,32.687,167,12.694,178
SYN1_0086,32.887,168,11.222,107
SYN1_0083,33.047,169,12.394,171
SYN1_0099,33.156,170,12.039,155
SYN1_0193,33.217,171,12.204,163
SYN1_0159,33.244,172,12.076,157
SYN1_0100,33.399,173,12.419,173
SYN1_0127,33.84,174,13.222,189
SYN1_0004,33.916,175,12.317,167
SYN1_0151,34.278,176,13.051,184
SYN1_0198,34.477,177,11.44,125
SYN1_0178,35.617,178,12.902,183
SYN1_0082,35.631,179,12.055,156
SYN1_0024,35.898,180,12.339,168
SYN1_0153,36.041,181,12.501,177
SYN1_0192,36.198,182,12.455,174
SYN1_0123,36.414,183,13.177,188
SYN1_0102,36.602,184,11.648,137
SYN1_0006,36.883,185,12.732,179
SYN1_0103,36.985,186,13.107,185
SYN1_0114,37.772,187,13.155,187
SYN1_0092,38.073,188,12.369,169
SYN1_0072,38.676,189,13.12,186
SYN1_0015,39.276,190,13.242,190
SYN1_0181,40.141,191,13.282,191
SYN1_0137,40.426,192,14.04,199
SYN1_0097,41.496,193,13.364,192
SYN1_0039,41.94,194,13.529,194
SYN1_0058,42.151,195,13.732,195
SYN1_0155,43.44,196,13.948,197
SYN1_0129,44.401,197,13.858,196
SYN1_0046,44.684,198,13.412,193
SYN1_0067,44.701,199,13.962,198
SYN1_0059,44.884,200,14.073,200
